median speech energy -24.7 dB, noise floor -52.0 dB
silence threshold -39.7 dB, set by the speech drop (speech drop would give -39.7, noise margin -46.0), minimum silence 150 ms
108 silence(s) found, 994 words in 9 sentence(s) at a 1.0 s boundary
median p90 intensity across words: 73.7 dB (suspect below 61.7 dB, or long: over 1.2 s barely voiced)
word         o_start   o_end  start    end   dur  trim_s pitch_med pitch_mean int_p90 int_mean gap_before gap_after sent_pos  suspect
You             2.35    2.79   2.35   2.79  0.44    0.00     102.3      113.0    66.4     59.0       2.35      0.00     0.00  
know,           2.79    2.95   2.79   2.95  0.16    0.00     166.2      157.9    72.2     71.1       0.00      0.46     0.02  
I've            3.41    3.63   3.41   3.63  0.22    0.00     115.9      117.2    73.4     62.9       0.46      0.00     0.05  
been            3.63    3.79   3.63   3.79  0.16    0.00     225.7      219.4    76.9     72.6       0.00      0.00     0.07  
using           3.79    4.21   3.79   4.21  0.42    0.00     123.0      132.1    75.2     71.4       0.00      0.00     0.09  
Pixel           4.21    4.49   4.21   4.49  0.28    0.00     104.1      104.6    69.9     59.4       0.00      0.00     0.11  
phones          4.49    4.95   4.49   4.95  0.46    0.00      89.1       89.0    68.4     59.2       0.00      0.00     0.14  
for             4.95    5.59   4.95   5.59  0.64    0.00      90.8       91.3    61.9     52.9       0.00      0.00     0.16  
a               5.59    5.77   5.59   5.77  0.18    0.00      82.1       82.5    68.0     60.4       0.00      0.00     0.18  
long            5.77    6.01   5.77   6.01  0.24    0.00      89.5       89.8    69.7     63.1       0.00      0.00     0.20  
time.           6.01    6.63   6.01   6.51  0.50    0.12      90.3       88.3    64.3     57.7       0.00      0.80     0.23  
And             7.31    7.53   7.31   7.53  0.22    0.00      94.1       95.5    69.5     67.0       0.80      0.00     0.25  
every           7.53    7.99   7.53   7.99  0.46    0.00     177.3      164.9    78.6     64.3       0.00      0.00     0.27  
year,           7.99    8.19   7.99   8.19  0.20    0.00     139.4      140.3    77.7     76.2       0.00      0.14     0.30  
I               8.33    8.35   8.33   8.35  0.02    0.00      95.3       95.3    61.0     60.2       0.14      0.00     0.32  few_voiced+quiet
think,          8.35    8.55   8.35   8.55  0.20    0.00      96.1       97.4    67.6     57.6       0.00      0.12     0.34  
you             8.67    8.71   8.67   8.71  0.04    0.00     104.8      105.1    69.4     68.8       0.12      0.00     0.36  
know,           8.71    8.87   8.71   8.87  0.16    0.00     163.8      154.7    73.0     71.0       0.00      0.78     0.39  
this            9.65    9.85   9.65   9.85  0.20    0.00     140.8      141.2    77.2     66.5       0.78      0.00     0.41  
is              9.85   10.01   9.85  10.01  0.16    0.00      81.0       79.8    74.5     72.1       0.00      0.00     0.43  
the            10.01   10.17  10.01  10.17  0.16    0.00     139.0      117.6    74.7     69.7       0.00      0.00     0.45  
year           10.17   10.43  10.17  10.43  0.26    0.00     122.1      115.6    74.9     72.2       0.00      0.00     0.48  
Google's       10.43   11.03  10.43  11.03  0.60    0.00     104.1      101.9    71.6     65.0       0.00      0.00     0.50  
finally        11.03   11.37  11.03  11.37  0.34    0.00     105.8      106.6    75.8     64.1       0.00      0.00     0.52  
gonna          11.37   11.73  11.37  11.73  0.36    0.00     114.7      112.9    72.1     69.5       0.00      0.00     0.55  
take           11.73   11.97  11.73  11.97  0.24    0.00     107.6      162.7    70.2     64.8       0.00      0.00     0.57  
the            11.97   12.15  11.97  12.15  0.18    0.00      98.7      100.4    70.6     62.6       0.00      0.00     0.59  
leap.          12.15   12.35  12.15  12.35  0.20    0.00      95.4       92.1    67.6     65.2       0.00      0.04     0.61  
This           12.39   12.55  12.39  12.55  0.16    0.00      63.5       63.9    70.3     63.8       0.04      0.00     0.64  
is             12.55   12.63  12.55  12.63  0.08    0.00      67.2       67.5    69.1     67.3       0.00      0.00     0.66  
the            12.63   12.67  12.63  12.67  0.04    0.00     140.5      140.2    74.5     73.6       0.00      0.00     0.68  
year           12.67   12.75  12.67  12.75  0.08    0.00     137.8      137.5    76.0     75.0       0.00      0.00     0.70  
they're        12.75   12.91  12.75  12.91  0.16    0.00     107.9      112.7    73.8     68.7       0.00      0.00     0.73  
finally        12.91   13.11  12.91  13.11  0.20    0.00     115.9      115.7    74.1     68.8       0.00      0.00     0.75  
gonna          13.11   13.33  13.11  13.33  0.22    0.00     124.8      124.0    74.2     72.0       0.00      0.00     0.77  
care           13.33   13.61  13.33  13.61  0.28    0.00     118.8      119.8    74.9     68.3       0.00      0.00     0.80  
enough         13.61   13.87  13.61  13.87  0.26    0.00     116.7      117.3    74.0     70.1       0.00      0.00     0.82  
to             13.87   14.35  13.87  14.35  0.48    0.00      81.9       85.5    65.9     59.7       0.00      0.00     0.84  
make           14.35   14.47  14.35  14.47  0.12    0.00     111.4      107.6    74.9     72.8       0.00      0.00     0.86  
a              14.47   14.67  14.47  14.67  0.20    0.00     277.5      280.1    69.7     64.2       0.00      0.00     0.89  
huge           14.67   14.89  14.67  14.89  0.22    0.00      61.7       79.4    74.7     67.9       0.00      0.00     0.91  
jump,          14.89   15.31  14.89  15.31  0.42    0.00     109.4      103.5    73.4     66.2       0.00      0.24     0.93  
and            15.55   16.79  15.55  16.79  1.24    0.00     112.4      107.4    72.8     61.7       0.24      0.00     0.95  
every          16.79   17.25  16.79  17.25  0.46    0.00      64.2       95.2    73.3     67.4       0.00      0.00     0.98  
year,          17.25   17.71  17.25  17.71  0.46    0.00     126.4      113.7    74.3     71.9       0.00      1.36     1.00  
they           18.03   19.25  19.07  19.25  0.18    1.04     124.7      125.2    74.9     68.4       1.36      0.00     0.00  
don't.         19.25   19.53  19.25  19.53  0.28    0.00      87.7       85.0    73.3     62.8       0.00      0.10     0.02  
So             19.63   19.75  19.63  19.75  0.12    0.00     156.3      158.7    81.8     76.3       0.10      0.00     0.03  
this           19.75   19.87  19.75  19.87  0.12    0.00     218.8      218.9    82.6     78.5       0.00      0.00     0.05  
year           19.87   20.03  19.87  20.03  0.16    0.00     213.6      214.2    81.4     74.9       0.00      0.00     0.06  
is             20.03   20.17  20.03  20.17  0.14    0.00     167.8      166.7    79.5     72.7       0.00      0.00     0.08  
2026,          20.17   20.89  20.17  20.89  0.72    0.00     180.4      170.5    77.4     72.2       0.00      0.02     0.10  
and            20.91   21.09  20.91  21.09  0.18    0.00     142.0      126.0    73.6     70.1       0.02      0.00     0.11  
we             21.09   21.17  21.09  21.17  0.08    0.00      65.8       65.9    75.0     73.3       0.00      0.00     0.13  
have           21.17   21.27  21.17  21.27  0.10    0.00     115.9      115.9    76.0     75.7       0.00      0.00     0.14  
a              21.27   21.37  21.27  21.37  0.10    0.00     110.1       95.5    74.5     66.9       0.00      0.00     0.16  
whole          21.37   21.55  21.37  21.55  0.18    0.00     167.0      155.3    81.5     72.8       0.00      0.00     0.17  
new            21.55   21.77  21.55  21.77  0.22    0.00     172.0      179.6    76.6     75.0       0.00      0.00     0.19  
set            21.77   21.91  21.77  21.91  0.14    0.00     141.5      142.2    77.2     72.9       0.00      0.00     0.21  
of             21.91   22.05  21.91  22.05  0.14    0.00     160.5      138.1    74.9     69.4       0.00      0.00     0.22  
phones,        22.05   22.29  22.05  22.29  0.24    0.00      97.8       99.1    77.0     71.2       0.00      0.36     0.24  
Pixel          22.65   22.73  22.65  22.73  0.08    0.00       nan        nan    72.3     69.0       0.36      0.00     0.25  few_voiced
11,            22.73   23.17  22.73  23.17  0.44    0.00     128.9      115.5    78.1     74.3       0.00      0.18     0.27  
11             23.35   23.61  23.35  23.61  0.26    0.00     107.9       97.0    78.0     70.7       0.18      0.00     0.29  
Pro,           23.61   23.91  23.61  23.91  0.30    0.00     121.8      115.6    77.2     70.7       0.00      0.18     0.30  
and            24.09   24.13  24.09  24.13  0.04    0.00      99.5       99.5    65.8     61.1       0.18      0.00     0.32  few_voiced
Pro            24.13   24.29  24.13  24.29  0.16    0.00     110.8      112.6    75.2     65.9       0.00      0.00     0.33  
XL,            24.29   24.63  24.29  24.63  0.34    0.00     136.7      124.8    77.7     72.7       0.00      0.38     0.35  
and            25.01   25.23  25.01  25.23  0.22    0.00      83.2       83.8    67.6     63.8       0.38      0.00     0.37  
Pixel          25.23   25.51  25.23  25.51  0.28    0.00     138.2      118.1    76.8     70.8       0.00      0.00     0.38  
11             25.51   25.85  25.51  25.85  0.34    0.00     124.8      125.0    78.4     75.8       0.00      0.00     0.40  
Pro            25.85   26.17  25.85  26.17  0.32    0.00      89.8      130.7    74.5     69.1       0.00      0.00     0.41  
Fold.          26.17   26.55  26.17  26.55  0.38    0.00     119.8      124.2    78.4     69.7       0.00      0.42     0.43  
We             26.97   27.13  26.97  27.13  0.16    0.00       nan        nan    70.6     67.3       0.42      0.00     0.44  few_voiced
knew           27.13   27.35  27.13  27.35  0.22    0.00      94.8       97.5    76.2     71.3       0.00      0.00     0.46  
these          27.35   27.51  27.35  27.51  0.16    0.00      76.2       76.2    79.2     75.0       0.00      0.00     0.48  
were           27.51   27.67  27.51  27.67  0.16    0.00     111.6      111.6    72.8     69.7       0.00      0.00     0.49  few_voiced
coming,        27.67   27.99  27.67  27.99  0.32    0.00      66.2       70.5    74.2     68.8       0.00      0.14     0.51  
and            28.13   28.25  28.13  28.25  0.12    0.00     126.0      129.2    73.9     69.7       0.14      0.00     0.52  
did            28.25   28.37  28.25  28.37  0.12    0.00     110.2      112.5    75.5     70.1       0.00      0.00     0.54  
I              28.37   28.49  28.37  28.49  0.12    0.00     132.6      124.4    78.7     77.1       0.00      0.00     0.56  
get            28.49   28.63  28.49  28.63  0.14    0.00     138.3      140.7    78.0     71.5       0.00      0.00     0.57  
my             28.63   28.79  28.63  28.79  0.16    0.00     115.2      120.7    78.7     75.5       0.00      0.00     0.59  
hopes          28.79   28.99  28.79  28.99  0.20    0.00     138.3      136.2    76.6     72.0       0.00      0.00     0.60  
up             28.99   29.21  28.99  29.21  0.22    0.00     160.5      160.7    76.8     67.1       0.00      0.00     0.62  
thinking       29.21   29.39  29.21  29.39  0.18    0.00     140.0      126.0    72.4     68.5       0.00      0.00     0.63  
this           29.39   29.63  29.39  29.63  0.24    0.00     125.1      129.9    75.3     72.8       0.00      0.00     0.65  
would          29.63   29.77  29.63  29.77  0.14    0.00     132.7      135.9    73.3     70.0       0.00      0.00     0.67  
be             29.77   29.89  29.77  29.89  0.12    0.00     137.1      131.2    75.5     71.4       0.00      0.00     0.68  
the            29.89   29.99  29.89  29.99  0.10    0.00     124.7      123.6    73.7     70.2       0.00      0.00     0.70  
year           29.99   30.19  29.99  30.19  0.20    0.00     127.2      126.2    74.9     73.1       0.00      0.00     0.71  
Google         30.19   30.41  30.19  30.41  0.22    0.00     133.3      122.8    74.6     69.0       0.00      0.00     0.73  
would          30.41   30.59  30.41  30.59  0.18    0.00     130.0      123.9    75.2     72.0       0.00      0.00     0.75  
finally        30.59   30.83  30.59  30.83  0.24    0.00     131.1      121.6    76.0     69.3       0.00      0.00     0.76  
get            30.83   30.99  30.83  30.99  0.16    0.00     128.5      126.6    75.2     73.1       0.00      0.00     0.78  
over           30.99   31.15  30.99  31.15  0.16    0.00     133.9      130.7    77.9     73.6       0.00      0.00     0.79  
the            31.15   31.29  31.15  31.29  0.14    0.00     124.5      124.5    75.7     67.1       0.00      0.00     0.81  few_voiced
hump?          31.29   31.45  31.29  31.45  0.16    0.00     147.7      153.4    74.0     71.9       0.00      0.00     0.83  
Yes,           31.45   32.03  31.45  32.03  0.58    0.00      82.9      103.4    77.6     64.9       0.00      0.04     0.84  
I              32.07   32.23  32.07  32.23  0.16    0.00     105.0      106.2    78.0     74.6       0.04      0.00     0.86  
absolutely     32.23   32.55  32.23  32.55  0.32    0.00     141.6      138.2    77.0     71.3       0.00      0.00     0.87  
did.           32.55   32.97  32.55  32.97  0.42    0.00     123.8      118.7    76.1     70.5       0.00      0.54     0.89  
And            33.51   33.61  33.51  33.61  0.10    0.00     111.5      111.8    72.9     70.9       0.54      0.00     0.90  
did            33.61   33.75  33.61  33.75  0.14    0.00     109.8      108.2    75.6     70.7       0.00      0.00     0.92  
Google         33.75   33.97  33.75  33.97  0.22    0.00     148.7      150.5    78.1     71.9       0.00      0.00     0.94  
finally        33.97   34.37  33.97  34.37  0.40    0.00     152.3      130.8    80.2     71.4       0.00      0.00     0.95  
make           34.37   34.67  34.37  34.67  0.30    0.00     151.1      148.9    73.7     71.5       0.00      0.00     0.97  
that           34.67   34.91  34.67  34.91  0.24    0.00     162.7      152.6    78.1     67.5       0.00      0.00     0.98  
leap?          34.91   35.15  34.91  35.15  0.24    0.00     136.1      165.2    75.5     72.4       0.00      1.90     1.00  
Eh,            37.05   37.19  37.05  37.19  0.14    0.00     187.5      187.0    67.3     63.8       1.90      0.08     0.00  
you            37.27   37.27  37.27  37.27  0.00    0.00       nan        nan     nan      nan       0.08      0.00     0.20  few_voiced
know,          37.27   37.43  37.27  37.43  0.16    0.00     110.6      111.9    70.9     69.5       0.00      0.54     0.40  
it's           37.89   38.21  37.97  38.21  0.24    0.08     112.6      111.0    65.4     56.6       0.54      0.00     0.60  
a              38.21   38.33  38.21  38.33  0.12    0.00     166.7      166.7    67.7     50.1       0.00      0.00     0.80  few_voiced
Pixel.         38.33   38.51  38.33  38.51  0.18    0.00     152.5      149.9    71.4     62.6       0.00      1.21     1.00  
It             39.43   39.79  39.72  39.79  0.07    0.29     253.8      245.6    71.1     65.1       1.21      0.00     0.00  
is             39.79   39.97  39.79  39.97  0.18    0.00     118.6      159.8    79.0     74.9       0.00      0.00     0.01  
what           39.97   40.13  39.97  40.13  0.16    0.00      89.6       88.8    67.1     62.3       0.00      0.00     0.01  
it             40.13   40.27  40.13  40.27  0.14    0.00      77.5       78.4    63.4     60.6       0.00      0.00     0.02  
is.            40.27   40.51  40.27  40.51  0.24    0.00      86.2       94.4    68.3     64.5       0.00      0.16     0.02  
These          40.67   40.81  40.67  40.81  0.14    0.00     223.6      220.9    79.7     71.9       0.16      0.00     0.03  
phones         40.81   41.11  40.81  41.11  0.30    0.00     164.5      167.1    79.9     70.8       0.00      0.00     0.03  
are            41.11   41.47  41.11  41.47  0.36    0.00     123.2      136.2    78.7     73.2       0.00      0.00     0.04  
a              41.47   41.67  41.47  41.67  0.20    0.00      99.3       92.8    76.1     69.6       0.00      0.00     0.04  
frustratingly   41.67   42.41  41.67  42.41  0.74    0.00     154.4      156.0    77.6     64.0       0.00      0.00     0.05  
incremental    42.41   42.83  42.41  42.83  0.42    0.00     136.3      136.1    75.9     68.7       0.00      0.00     0.06  
improvement    42.83   43.47  42.83  43.47  0.64    0.00     109.2      109.8    73.2     65.9       0.00      0.00     0.06  
from           43.47   44.07  43.47  44.07  0.60    0.00     117.9      105.0    66.9     43.0       0.00      0.00     0.07  
the            44.07   44.21  44.07  44.21  0.14    0.00     110.9      108.8    76.2     69.6       0.00      0.00     0.07  
Pixel          44.21   44.39  44.21  44.39  0.18    0.00     120.9      120.7    77.2     67.8       0.00      0.00     0.08  
10             44.39   44.61  44.39  44.61  0.22    0.00      97.3       98.6    70.4     61.4       0.00      0.00     0.08  
series,        44.61   44.89  44.61  44.89  0.28    0.00      78.0       77.9    67.9     63.6       0.00      0.16     0.09  
including      45.05   45.29  45.05  45.29  0.24    0.00     179.0      153.1    82.9     68.9       0.16      0.00     0.09  
one            45.29   45.71  45.29  45.71  0.42    0.00     159.7      166.3    76.8     73.3       0.00      0.00     0.10  
very,          45.71   46.27  45.71  46.27  0.56    0.00     162.9      161.2    77.6     69.2       0.00      0.00     0.10  
very           46.27   46.61  46.27  46.61  0.34    0.00     127.0      128.9    79.1     70.8       0.00      0.00     0.11  
annoying       46.61   47.19  46.61  47.19  0.58    0.00     108.0      109.7    75.5     70.4       0.00      0.00     0.12  
small          47.19   47.71  47.19  47.71  0.52    0.00      99.2      100.1    72.7     67.4       0.00      0.00     0.12  
way.           47.71   48.07  47.71  48.07  0.36    0.00      84.5       85.4    69.9     64.8       0.00      0.19     0.13  
In             48.25   48.35  48.26  48.35  0.09    0.01     126.0      125.1    70.8     64.9       0.19      0.00     0.13  
fact,          48.35   48.49  48.35  48.49  0.14    0.00     211.2      211.5    79.8     72.3       0.00      0.18     0.14  
I              48.67   48.79  48.67  48.79  0.12    0.00     171.0      185.4    81.5     60.4       0.18      0.00     0.14  
wanna          48.79   48.87  48.79  48.87  0.08    0.00     265.7      255.7    80.9     78.3       0.00      0.00     0.15  
start          48.87   49.13  48.87  49.13  0.26    0.00     167.0      172.1    82.0     75.3       0.00      0.00     0.15  
with           49.13   49.27  49.13  49.27  0.14    0.00     126.0      126.0    76.1     72.8       0.00      0.00     0.16  
that           49.27   49.41  49.27  49.41  0.14    0.00      91.9       91.5    73.7     64.1       0.00      0.00     0.17  
way,           49.41   49.61  49.41  49.61  0.20    0.00      82.6       82.5    67.1     64.2       0.00      0.06     0.17  
because        49.67   49.73  49.67  49.73  0.06    0.00     112.9      112.6    68.2     61.8       0.06      0.00     0.18  
it             49.73   49.87  49.73  49.87  0.14    0.00     103.0      102.2    66.3     63.9       0.00      0.00     0.18  
really         49.87   50.03  49.87  50.03  0.16    0.00     191.0      178.1    79.7     73.0       0.00      0.00     0.19  
tells          50.03   50.29  50.03  50.29  0.26    0.00     133.7      135.5    78.7     68.5       0.00      0.00     0.19  
the            50.29   50.49  50.29  50.49  0.20    0.00      98.6      101.5    70.8     66.9       0.00      0.00     0.20  
story.         50.49   50.75  50.49  50.75  0.26    0.00     102.6      144.5    73.0     63.2       0.00      0.12     0.20  
Because        50.87   50.97  50.87  50.97  0.10    0.00     140.0      141.0    71.7     63.6       0.12      0.00     0.21  
you            50.97   51.03  50.97  51.03  0.06    0.00     139.3      140.4    72.1     71.3       0.00      0.00     0.22  
might          51.03   51.13  51.03  51.13  0.10    0.00     218.2      210.0    79.6     77.1       0.00      0.00     0.22  
have           51.13   51.21  51.13  51.21  0.08    0.00     216.9      216.9    73.7     71.6       0.00      0.00     0.23  few_voiced
seen           51.21   51.29  51.21  51.29  0.08    0.00     202.1      199.4    78.3     75.8       0.00      0.00     0.23  
some           51.29   51.45  51.29  51.45  0.16    0.00     142.0      147.6    74.1     71.7       0.00      0.00     0.24  
rumors         51.45   51.63  51.45  51.63  0.18    0.00     143.8      143.1    75.5     74.0       0.00      0.00     0.24  
behind         51.63   51.99  51.63  51.99  0.36    0.00     121.3      118.8    75.3     68.7       0.00      0.00     0.25  
the            51.99   52.11  51.99  52.11  0.12    0.00     114.5      113.0    72.6     70.1       0.00      0.00     0.25  
scenes         52.11   52.27  52.11  52.27  0.16    0.00     111.9      113.8    73.5     68.2       0.00      0.00     0.26  
about          52.27   52.45  52.27  52.45  0.18    0.00     103.1      103.5    76.1     69.4       0.00      0.00     0.27  
like           52.45   52.61  52.45  52.61  0.16    0.00      93.6       93.8    70.8     62.9       0.00      0.00     0.27  
this           52.61   52.77  52.61  52.77  0.16    0.00      99.9       99.6    70.4     60.5       0.00      0.00     0.28  
Pixel          52.77   53.23  52.77  53.23  0.46    0.00     129.6      132.1    73.4     57.5       0.00      0.00     0.28  
glow,          53.23   53.55  53.23  53.55  0.32    0.00     105.8      106.5    76.9     72.5       0.00      0.12     0.29  
or             53.67   53.75  53.67  53.75  0.08    0.00     106.2      107.1    72.2     70.3       0.12      0.00     0.29  
some           53.75   53.87  53.75  53.87  0.12    0.00     110.0      105.7    63.2     60.3       0.00      0.00     0.30  
sort           53.87   54.03  53.87  54.03  0.16    0.00     121.9      122.3    70.3     61.8       0.00      0.00     0.30  
of             54.03   54.15  54.03  54.15  0.12    0.00     108.6      108.0    69.4     63.9       0.00      0.00     0.31  
like           54.15   54.21  54.15  54.21  0.06    0.00     105.8      105.2    74.6     69.2       0.00      0.00     0.31  
a              54.21   54.35  54.21  54.35  0.14    0.00      96.7       96.1    65.5     59.2       0.00      0.00     0.32  
glowing        54.35   54.65  54.35  54.65  0.30    0.00      98.1      100.4    73.4     66.1       0.00      0.00     0.33  
thing          54.65   55.01  54.65  55.01  0.36    0.00     117.7      114.8    70.9     62.3       0.00      0.00     0.33  
on             55.01   55.27  55.01  55.27  0.26    0.00     114.4      109.5    70.6     68.1       0.00      0.00     0.34  
the            55.27   55.39  55.27  55.39  0.12    0.00     101.5      101.8    68.2     64.6       0.00      0.00     0.34  
back           55.39   55.57  55.39  55.57  0.18    0.00      97.3       97.5    72.7     68.0       0.00      0.00     0.35  
of             55.57   55.71  55.57  55.71  0.14    0.00     104.3      107.5    64.6     58.8       0.00      0.00     0.35  
these          55.71   55.83  55.71  55.83  0.12    0.00     105.1      102.4    68.8     66.7       0.00      0.00     0.36  
new            55.83   56.03  55.83  56.03  0.20    0.00     100.2      101.4    69.1     62.9       0.00      0.00     0.36  
phones.        56.03   56.31  56.03  56.31  0.28    0.00     103.3      108.9    71.8     63.5       0.00      0.67     0.37  
And            56.83   57.07  56.98  57.07  0.09    0.15     130.1      131.4    76.8     73.0       0.67      0.00     0.38  
it             57.07   57.17  57.07  57.17  0.10    0.00     123.0      123.0    75.0     66.4       0.00      0.00     0.38  
turns          57.17   57.29  57.17  57.29  0.12    0.00     216.8      214.6    80.6     75.3       0.00      0.00     0.39  
out,           57.29   57.53  57.29  57.52  0.23    0.01     169.9      178.9    79.7     72.8       0.00      0.22     0.39  
that           57.61   57.97  57.74  57.97  0.23    0.13     115.9      117.8    75.8     65.5       0.22      0.00     0.40  
is             57.97   58.13  57.97  58.13  0.16    0.00     168.0      164.8    75.7     71.8       0.00      0.00     0.40  
real.          58.13   58.39  58.13  58.39  0.26    0.00     194.0      197.4    76.1     71.5       0.00      0.14     0.41  
On             58.53   58.63  58.53  58.63  0.10    0.00     149.0      149.1    81.1     78.2       0.14      0.00     0.41  
the            58.63   58.71  58.63  58.71  0.08    0.00     134.9      129.9    77.1     72.2       0.00      0.00     0.42  
back           58.71   58.89  58.71  58.89  0.18    0.00     172.0      175.9    78.6     72.5       0.00      0.00     0.43  
of             58.89   59.03  58.89  59.03  0.14    0.00     142.2      141.6    78.9     66.5       0.00      0.00     0.43  
every          59.03   59.27  59.03  59.27  0.24    0.00     176.8      174.8    80.5     72.2       0.00      0.00     0.44  
new            59.27   59.47  59.27  59.47  0.20    0.00     151.8      150.2    74.6     72.2       0.00      0.00     0.44  
Pixel,         59.47   59.77  59.47  59.77  0.30    0.00     202.3      189.4    73.7     64.4       0.00      0.00     0.45  
from           59.77   60.07  59.77  60.07  0.30    0.00     117.8      121.0    73.7     64.9       0.00      0.00     0.45  
the            60.07   60.25  60.07  60.25  0.18    0.00      99.8      100.9    71.5     65.4       0.00      0.00     0.46  
base           60.25   60.49  60.25  60.49  0.24    0.00     144.5      144.8    75.0     67.2       0.00      0.00     0.46  
to             60.49   60.81  60.49  60.81  0.32    0.00      93.9       93.9    70.9     59.3       0.00      0.00     0.47  few_voiced
the            60.81   60.95  60.81  60.95  0.14    0.00      95.4       95.0    69.8     58.8       0.00      0.00     0.48  
Pro            60.95   61.17  60.95  61.17  0.22    0.00     160.9      157.6    78.7     68.1       0.00      0.00     0.48  
Fold,          61.17   61.53  61.17  61.53  0.36    0.00     135.7      136.0    81.0     70.2       0.00      0.33     0.49  
combined       61.81   62.23  61.86  62.23  0.37    0.05     129.6      132.0    76.9     70.2       0.33      0.00     0.49  
with           62.23   62.45  62.23  62.45  0.22    0.00     172.3      169.1    76.3     70.0       0.00      0.00     0.50  
the            62.45   62.55  62.45  62.55  0.10    0.00     145.0      146.6    75.9     69.3       0.00      0.00     0.50  
LED            62.55   62.85  62.55  62.85  0.30    0.00     122.3      119.6    76.0     73.0       0.00      0.00     0.51  
flash,         62.85   63.19  62.85  63.19  0.34    0.00     137.0      129.9    77.0     66.7       0.00      0.22     0.51  
is             63.41   63.59  63.41  63.59  0.18    0.00     102.6      103.3    74.5     61.5       0.22      0.00     0.52  
this           63.59   63.79  63.59  63.79  0.20    0.00      94.0       94.2    69.7     66.2       0.00      0.00     0.52  
neat           63.79   64.15  63.79  64.15  0.36    0.00     115.7      117.1    72.4     65.2       0.00      0.00     0.53  
little         64.15   64.57  64.15  64.57  0.42    0.00      92.6       93.3    69.2     59.3       0.00      0.00     0.54  
multi          64.57   65.25  64.57  65.25  0.68    0.00     108.8      107.9    73.0     53.0       0.00      0.00     0.54  
-colored       65.25   65.61  65.25  65.61  0.36    0.00     106.2      107.7    73.6     65.2       0.00      0.00     0.55  
LED.           65.61   66.07  65.61  66.07  0.46    0.00      98.4       97.7    71.4     64.4       0.00      0.34     0.55  
It's           66.41   66.59  66.41  66.59  0.18    0.00     123.1      123.1    70.7     62.0       0.34      0.00     0.56  
subtle,        66.59   66.81  66.59  66.81  0.22    0.00     223.7      212.9    82.0     74.8       0.00      0.14     0.56  
but            66.95   67.15  66.95  67.15  0.20    0.00     103.9      103.9    73.1     50.6       0.14      0.00     0.57  
it's           67.15   67.31  67.15  67.31  0.16    0.00      95.5       94.7    69.6     61.2       0.00      0.00     0.57  
there,         67.31   67.59  67.31  67.59  0.28    0.00     103.7      115.3    75.5     67.7       0.00      0.50     0.58  
and            67.99   68.17  68.09  68.17  0.08    0.10      91.8       92.7    64.1     62.3       0.50      0.00     0.59  
it             68.17   68.23  68.17  68.23  0.06    0.00      87.3       86.6    64.4     61.1       0.00      0.00     0.59  
gets           68.23   68.43  68.23  68.43  0.20    0.00      99.7      101.7    73.6     61.0       0.00      0.00     0.60  
pretty         68.43   68.73  68.43  68.73  0.30    0.00      99.7      107.4    71.1     58.0       0.00      0.00     0.60  
bright,        68.73   69.11  68.73  69.11  0.38    0.00      92.5      100.7    74.4     61.7       0.00      0.14     0.61  
and            69.25   69.33  69.25  69.33  0.08    0.00       nan        nan    61.3     58.4       0.14      0.00     0.61  few_voiced+quiet
it's           69.33   69.51  69.33  69.51  0.18    0.00       nan        nan    58.2     48.2       0.00      0.00     0.62  few_voiced+quiet
colorful.      69.51   69.91  69.51  69.91  0.40    0.00     101.8      107.3    74.8     62.1       0.00      0.38     0.62  
So             70.29   70.37  70.29  70.37  0.08    0.00     145.9      146.4    78.6     74.0       0.38      0.00     0.63  
all            70.37   70.51  70.37  70.51  0.14    0.00     151.4      150.1    81.7     80.6       0.00      0.00     0.64  
right,         70.51   70.63  70.51  70.63  0.12    0.00     274.4      267.0    82.6     76.1       0.00      0.08     0.64  
cool.          70.71   70.91  70.71  70.91  0.20    0.00     228.3      223.5    76.9     63.3       0.08      0.41     0.65  
What           71.27   71.43  71.32  71.43  0.11    0.05     171.0      164.0    80.9     73.3       0.41      0.00     0.65  
can            71.43   71.59  71.43  71.59  0.16    0.00     159.9      161.2    73.7     63.7       0.00      0.00     0.66  
we             71.59   71.69  71.59  71.69  0.10    0.00     148.7      149.9    72.9     70.9       0.00      0.00     0.66  
do             71.69   71.83  71.69  71.83  0.14    0.00     232.3      213.7    77.2     70.4       0.00      0.00     0.67  
with           71.83   71.95  71.83  71.95  0.12    0.00     169.4      171.8    77.4     68.4       0.00      0.00     0.67  
this?          71.95   72.17  71.95  72.17  0.22    0.00     267.7      264.5    71.3     63.7       0.00      0.51     0.68  
Well,          72.65   72.81  72.68  72.81  0.13    0.03     103.3      103.3    80.6     75.7       0.51      0.12     0.69  
the            72.93   73.01  72.93  73.01  0.08    0.00     125.2      126.4    71.0     62.8       0.12      0.00     0.69  
feature's      73.01   73.31  73.01  73.31  0.30    0.00     142.6      141.4    74.3     65.2       0.00      0.00     0.70  
officially     73.31   73.57  73.31  73.57  0.26    0.00     143.3      143.7    73.4     63.8       0.00      0.00     0.70  
branded        73.57   73.89  73.57  73.89  0.32    0.00     112.0      112.8    74.2     68.7       0.00      0.00     0.71  
as             73.89   74.25  73.89  74.25  0.36    0.00      98.4      101.6    70.4     67.2       0.00      0.00     0.71  
highlight.     74.25   74.65  74.25  74.65  0.40    0.00     122.5      117.2    74.2     62.8       0.00      0.28     0.72  
And            74.93   74.99  74.93  74.99  0.06    0.00     140.3      139.4    71.8     69.5       0.28      0.00     0.72  
if             74.99   75.07  74.99  75.07  0.08    0.00     144.0      152.8    71.9     66.2       0.00      0.00     0.73  
you            75.07   75.15  75.07  75.15  0.08    0.00     201.7      195.7    75.6     73.0       0.00      0.00     0.73  
go             75.15   75.25  75.15  75.25  0.10    0.00     183.1      183.7    78.8     76.8       0.00      0.00     0.74  
into           75.25   75.33  75.25  75.33  0.08    0.00     160.1      155.9    73.1     70.5       0.00      0.00     0.75  
the            75.33   75.45  75.33  75.45  0.12    0.00     131.5      130.3    73.8     70.0       0.00      0.00     0.75  
system         75.45   75.65  75.45  75.65  0.20    0.00     112.8      112.6    74.0     67.3       0.00      0.00     0.76  
settings,      75.65   75.95  75.65  75.95  0.30    0.00      96.7       95.4    73.9     66.1       0.00      0.08     0.76  
you            76.03   76.17  76.03  76.17  0.14    0.00     130.4      129.6    70.5     66.0       0.08      0.00     0.77  
can            76.17   76.29  76.17  76.29  0.12    0.00     125.6      126.6    72.5     62.8       0.00      0.00     0.77  
see            76.29   76.49  76.29  76.49  0.20    0.00     124.6      126.7    72.3     67.0       0.00      0.00     0.78  
the            76.49   76.61  76.49  76.61  0.12    0.00     109.2      109.9    73.7     67.7       0.00      0.00     0.78  
full           76.61   76.95  76.61  76.95  0.34    0.00     185.4      177.5    77.3     61.5       0.00      0.00     0.79  
list           76.95   77.19  76.95  77.19  0.24    0.00     152.0      159.7    76.2     72.2       0.00      0.00     0.80  
of             77.19   77.35  77.19  77.35  0.16    0.00       nan        nan    75.9     63.9       0.00      0.00     0.80  few_voiced
all            77.35   77.49  77.35  77.49  0.14    0.00      98.6      108.9    77.5     72.4       0.00      0.00     0.81  
the            77.49   77.61  77.49  77.61  0.12    0.00     134.2      133.4    68.4     57.8       0.00      0.00     0.81  
customization   77.61   77.93  77.61  77.93  0.32    0.00     122.9      125.4    74.4     62.6       0.00      0.00     0.82  
you            77.93   78.31  77.93  78.31  0.38    0.00     106.7      105.8    75.6     67.2       0.00      0.00     0.82  
can            78.31   78.47  78.31  78.47  0.16    0.00      95.4       97.7    67.9     58.7       0.00      0.00     0.83  
do             78.47   78.63  78.47  78.63  0.16    0.00      94.2       94.4    70.7     63.0       0.00      0.00     0.83  
with           78.63   78.75  78.63  78.75  0.12    0.00      93.7       93.7    69.8     60.0       0.00      0.00     0.84  
this           78.75   78.89  78.75  78.89  0.14    0.00      85.4       85.4    65.9     58.1       0.00      0.00     0.85  few_voiced
new            78.89   79.09  78.89  79.09  0.20    0.00      92.8       93.7    64.3     56.7       0.00      0.00     0.85  
piece          79.09   79.25  79.09  79.25  0.16    0.00      95.9       96.8    65.2     55.8       0.00      0.00     0.86  
of             79.25   79.41  79.25  79.41  0.16    0.00       nan        nan    62.8     55.4       0.00      0.00     0.86  few_voiced
hardware,      79.41   79.73  79.41  79.73  0.32    0.00     132.2      137.5    79.0     74.7       0.00      0.12     0.87  
which          79.85   79.99  79.85  79.99  0.14    0.00     100.6       99.9    71.2     64.0       0.12      0.00     0.87  
is,            79.99   80.41  79.99  80.41  0.42    0.00     191.0      188.4    81.7     68.6       0.00      0.88     0.88  
you            81.25   81.35  81.29  81.35  0.06    0.04     114.6      115.0    65.5     59.3       0.88      0.00     0.88  
can            81.35   81.43  81.35  81.43  0.08    0.00     116.3      117.3    73.9     67.0       0.00      0.00     0.89  
have           81.43   81.57  81.43  81.57  0.14    0.00     112.4      111.2    77.1     72.4       0.00      0.00     0.90  
it             81.57   81.67  81.57  81.67  0.10    0.00      92.8       93.6    69.6     64.6       0.00      0.00     0.90  
glow           81.67   81.93  81.67  81.93  0.26    0.00     123.1      127.6    80.8     70.7       0.00      0.00     0.91  
when           81.93   82.09  81.93  82.09  0.16    0.00     153.3      150.7    77.6     73.5       0.00      0.00     0.91  
you            82.09   82.17  82.09  82.17  0.08    0.00     124.2      123.3    75.3     69.5       0.00      0.00     0.92  
talk           82.17   82.33  82.17  82.33  0.16    0.00     126.3      127.5    77.0     66.6       0.00      0.00     0.92  
to             82.33   82.49  82.33  82.49  0.16    0.00      98.0       97.3    65.1     57.4       0.00      0.00     0.93  
Gemini,        82.49   82.73  82.49  82.73  0.24    0.00     161.4      152.7    77.2     71.9       0.00      0.63     0.93  
and            83.33   83.73  83.36  83.73  0.37    0.03     141.1      140.9    74.9     72.6       0.63      0.00     0.94  
light          83.73   84.05  83.73  84.05  0.32    0.00     131.8      127.5    79.5     68.5       0.00      0.00     0.94  
up             84.05   84.17  84.05  84.17  0.12    0.00     141.3      140.4    78.7     72.5       0.00      0.00     0.95  
a              84.17   84.29  84.17  84.29  0.12    0.00     129.6      128.2    69.8     65.2       0.00      0.00     0.96  
certain        84.29   84.47  84.29  84.47  0.18    0.00     124.4      126.0    77.5     71.0       0.00      0.00     0.96  
color          84.47   84.77  84.47  84.77  0.30    0.00     112.8      115.8    78.1     68.8       0.00      0.00     0.97  
when           84.77   85.19  84.77  85.19  0.42    0.00     107.9      106.7    74.5     66.5       0.00      0.00     0.97  
a              85.19   85.31  85.19  85.31  0.12    0.00      98.5       98.3    67.7     64.2       0.00      0.00     0.98  
specific       85.31   85.65  85.31  85.65  0.34    0.00     106.5      108.4    69.6     59.1       0.00      0.00     0.98  
contact        85.65   86.25  85.65  86.25  0.60    0.00      95.5       96.3    71.5     59.9       0.00      0.00     0.99  
calls          86.25   86.99  86.25  86.99  0.74    0.00     152.7      151.5    78.6     46.6       0.00      0.00     0.99  
you.           86.99   87.31  86.99  87.29  0.30    0.02      89.7      100.1    71.1     63.9       0.00      1.44     1.00  
And            88.73   89.13  88.73  89.13  0.40    0.00      93.1       93.1    67.0     65.4       1.44      0.00     0.00  
that's         89.13   89.53  89.13  89.53  0.40    0.00      92.2       92.1    70.1     63.1       0.00      0.00     0.50  
it.            89.53   89.67  89.53  89.62  0.09    0.05     274.5      274.3    65.3     62.2       0.00      1.45     1.00  
That's         91.07   91.47  91.07  91.07  0.00    0.40       nan        nan     nan      nan       1.45      0.64     0.00  few_voiced
it?            91.47   91.87  91.71  91.87  0.16    0.24     109.7      139.3    77.9     73.7       0.64      0.68     0.02  
You            92.55   92.81  92.55  92.81  0.26    0.00     169.7      176.5    72.5     63.7       0.68      0.00     0.04  
put            92.81   93.03  92.81  93.03  0.22    0.00     198.1      195.9    80.4     65.8       0.00      0.00     0.06  
a              93.03   93.45  93.03  93.45  0.42    0.00     126.0      137.2    78.5     65.8       0.00      0.00     0.08  
shifting,      93.45   93.81  93.45  93.81  0.36    0.00     175.3      159.8    75.1     63.6       0.00      0.00     0.10  
pulsing,       93.81   94.83  93.81  94.83  1.02    0.00     166.5      165.4    75.2     66.0       0.00      0.28     0.12  
glowing        95.11   95.27  95.11  95.27  0.16    0.00     142.4      140.4    76.8     73.0       0.28      0.00     0.13  
LED            95.27   95.71  95.27  95.71  0.44    0.00     127.6      126.9    74.4     70.8       0.00      0.00     0.15  
in             95.71   96.01  95.71  96.01  0.30    0.00     107.4      110.7    73.2     69.0       0.00      0.00     0.17  
the            96.01   96.09  96.01  96.09  0.08    0.00     101.0      101.7    69.2     65.2       0.00      0.00     0.19  
back           96.09   96.25  96.09  96.25  0.16    0.00     113.7      113.5    76.1     70.0       0.00      0.00     0.21  
of             96.25   96.35  96.25  96.35  0.10    0.00     116.9      116.0    72.5     62.3       0.00      0.00     0.23  
the            96.35   96.43  96.35  96.43  0.08    0.00     109.6      109.9    72.4     60.2       0.00      0.00     0.25  
phone.         96.43   96.59  96.43  96.59  0.16    0.00     117.0      116.5    72.0     64.2       0.00      0.16     0.27  
Brand          96.75   96.89  96.75  96.89  0.14    0.00     181.0      170.0    81.6     78.1       0.16      0.00     0.29  
new,           96.89   97.09  96.89  97.09  0.20    0.00     179.9      181.2    76.1     74.4       0.00      0.10     0.31  
something      97.19   97.37  97.19  97.37  0.18    0.00     121.9      121.7    71.5     62.1       0.10      0.00     0.33  
interesting    97.37   97.75  97.37  97.75  0.38    0.00     118.7      122.6    70.8     64.7       0.00      0.00     0.35  
for            97.75   98.07  97.75  98.07  0.32    0.00     126.9      122.8    71.9     60.5       0.00      0.00     0.37  
the            98.07   98.19  98.07  98.19  0.12    0.00     109.4      107.5    70.2     59.0       0.00      0.00     0.38  
Pixel,         98.19   98.49  98.19  98.49  0.30    0.00     130.2      135.5    73.2     64.8       0.00      0.67     0.40  
all            99.11   99.37  99.16  99.37  0.21    0.05     129.8      128.2    81.4     77.8       0.67      0.00     0.42  
to             99.37   99.61  99.37  99.61  0.24    0.00     138.1      133.3    80.5     66.9       0.00      0.00     0.44  
just           99.61   99.81  99.61  99.81  0.20    0.00     121.2      116.7    74.7     68.0       0.00      0.00     0.46  
have           99.81  100.03  99.81 100.03  0.22    0.00     118.1      119.1    76.7     66.0       0.00      0.00     0.48  
it            100.03  100.21 100.03 100.21  0.18    0.00     107.2      107.4    73.3     60.5       0.00      0.00     0.50  
glow          100.21  100.69 100.21 100.69  0.48    0.00     104.0      104.5    77.3     60.0       0.00      0.00     0.52  
when          100.69  100.91 100.69 100.91  0.22    0.00     119.1      119.2    76.3     73.3       0.00      0.00     0.54  
we            100.91  101.05 100.91 101.05  0.14    0.00     108.1      109.3    71.7     66.9       0.00      0.00     0.56  
talk          101.05  101.23 101.05 101.23  0.18    0.00     115.0      116.7    71.7     60.8       0.00      0.00     0.58  
to            101.23  101.43 101.23 101.43  0.20    0.00      99.6       99.8    63.8     53.6       0.00      0.00     0.60  
Gemini        101.43  101.75 101.43 101.75  0.32    0.00     105.8      105.5    70.5     66.0       0.00      0.00     0.62  
or            101.75  102.11 101.75 102.11  0.36    0.00     109.3      105.7    71.0     69.3       0.00      0.00     0.63  
get           102.11  102.27 102.11 102.27  0.16    0.00     101.5      108.7    72.4     64.4       0.00      0.00     0.65  
phone         102.27  102.57 102.27 102.57  0.30    0.00     100.6      102.5    68.9     57.5       0.00      0.00     0.67  
calls.        102.57  102.87 102.57 102.87  0.30    0.00     152.4      151.4    69.8     62.5       0.00      0.25     0.69  
Not           103.05  103.21 103.12 103.21  0.09    0.07     130.9      147.4    75.3     72.3       0.25      0.00     0.71  
even          103.21  103.41 103.21 103.41  0.20    0.00     240.3      217.3    78.5     72.5       0.00      0.00     0.73  
text          103.41  103.69 103.41 103.69  0.28    0.00       nan        nan    67.4     56.8       0.00      0.00     0.75  few_voiced
messages?     103.69  104.07 103.69 104.07  0.38    0.00     223.8      226.4    71.4     66.3       0.00      0.24     0.77  
Like          104.31  104.41 104.31 104.41  0.10    0.00     132.9      133.4    80.4     74.2       0.24      0.00     0.79  
I             104.41  104.47 104.41 104.47  0.06    0.00     131.4      132.6    81.4     74.8       0.00      0.00     0.81  
can't         104.47  104.61 104.47 104.61  0.14    0.00     198.3      199.7    78.8     70.5       0.00      0.00     0.83  
even          104.61  104.71 104.61 104.71  0.10    0.00     185.3      180.0    77.3     75.3       0.00      0.00     0.85  
make          104.71  104.83 104.71 104.83  0.12    0.00     154.2      153.7    76.6     72.8       0.00      0.00     0.87  
it            104.83  104.91 104.83 104.91  0.08    0.00     151.1      155.9    75.1     69.2       0.00      0.00     0.88  
a             104.91  104.99 104.91 104.99  0.08    0.00     133.9      134.9    73.6     71.9       0.00      0.00     0.90  
notification  104.99  105.39 104.99 105.39  0.40    0.00     133.9      150.5    78.1     67.6       0.00      0.00     0.92  
light         105.39  105.65 105.39 105.65  0.26    0.00     126.9      129.3    74.5     69.3       0.00      0.00     0.94  
for           105.65  105.85 105.65 105.85  0.20    0.00     120.9      171.3    69.6     56.0       0.00      0.00     0.96  
anything      105.85  106.21 105.85 106.21  0.36    0.00     175.0      173.7    76.0     63.2       0.00      0.00     0.98  
else.         106.21  106.53 106.21 106.53  0.32    0.00     154.6      145.1    75.1     67.2       0.00      1.06     1.00  
No            107.55  107.79 107.59 107.79  0.20    0.04     119.3      118.4    77.0     73.2       1.06      0.00     0.00  
third         107.79  108.35 107.79 108.35  0.56    0.00     106.6      104.8    75.7     64.4       0.00      0.00     0.00  
-party        108.35  108.53 108.35 108.53  0.18    0.00     117.0      114.0    74.3     63.6       0.00      0.00     0.01  
developer     108.53  108.81 108.53 108.81  0.28    0.00     108.8      105.9    77.5     68.7       0.00      0.00     0.01  
support,      108.81  109.29 108.81 109.29  0.48    0.00     104.7      104.3    73.1     59.2       0.00      0.66     0.01  
no            109.87  110.11 109.95 110.11  0.16    0.08      95.3       96.8    68.1     65.7       0.66      0.00     0.02  
clever        110.11  110.49 110.11 110.49  0.38    0.00     104.7      102.9    75.8     57.3       0.00      0.00     0.02  
other         110.49  110.79 110.49 110.79  0.30    0.00     102.5      102.0    72.1     69.5       0.00      0.00     0.02  
things        110.79  111.15 110.79 111.15  0.36    0.00      99.7      100.2    72.2     62.6       0.00      0.00     0.02  
we            111.15  111.35 111.15 111.35  0.20    0.00      97.9       98.1    67.2     62.9       0.00      0.00     0.03  
can           111.35  111.49 111.35 111.49  0.14    0.00      95.0       96.4    66.1     58.4       0.00      0.00     0.03  
do            111.49  111.65 111.49 111.65  0.16    0.00      95.0       95.3    71.4     64.2       0.00      0.00     0.03  
with          111.65  111.81 111.65 111.81  0.16    0.00      91.4       91.5    68.8     58.9       0.00      0.00     0.04  
it,           111.81  111.97 111.81 111.92  0.11    0.05      94.2       96.6    69.2     65.2       0.00      0.58     0.04  
just          112.41  112.71 112.50 112.71  0.21    0.09     106.0      109.0    74.6     66.6       0.58      0.00     0.04  
phone         112.71  113.01 112.71 113.01  0.30    0.00      97.9      100.3    70.1     58.9       0.00      0.00     0.05  
calls.        113.01  113.09 113.01 113.09  0.08    0.00      98.9       98.8    67.1     55.5       0.00      0.10     0.05  
I             113.19  113.33 113.19 113.33  0.14    0.00     132.2      135.1    70.8     59.2       0.10      0.00     0.05  
can't         113.33  113.55 113.33 113.55  0.22    0.00     212.3      204.6    73.8     62.4       0.00      0.00     0.06  
even          113.55  113.61 113.55 113.61  0.06    0.00     166.9      166.4    70.0     69.1       0.00      0.00     0.06  
remember      113.61  113.81 113.61 113.81  0.20    0.00     139.6      141.5    72.7     70.0       0.00      0.00     0.06  
the           113.81  113.93 113.81 113.93  0.12    0.00     131.4      134.5    73.8     69.7       0.00      0.00     0.06  
last          113.93  114.05 113.93 114.05  0.12    0.00      99.6      101.2    74.4     70.4       0.00      0.00     0.07  
time          114.05  114.21 114.05 114.21  0.16    0.00     113.8      116.4    68.2     61.2       0.00      0.00     0.07  
I             114.21  114.31 114.21 114.31  0.10    0.00     103.0      102.3    67.9     66.0       0.00      0.00     0.07  
made          114.31  114.41 114.31 114.41  0.10    0.00      91.5       90.0    66.7     61.9       0.00      0.00     0.08  
a             114.41  114.51 114.41 114.51  0.10    0.00       nan        nan    60.5     54.7       0.00      0.00     0.08  few_voiced+quiet
phone         114.51  114.67 114.51 114.67  0.16    0.00     107.6      106.9    69.1     59.0       0.00      0.00     0.08  
call.         114.67  114.91 114.67 114.91  0.24    0.00      91.2       93.2    66.6     58.5       0.00      0.08     0.09  
There         114.99  115.11 114.99 115.11  0.12    0.00     155.1      159.9    81.1     70.2       0.08      0.00     0.09  
are           115.11  115.19 115.11 115.19  0.08    0.00     198.2      195.1    80.3     71.8       0.00      0.00     0.09  
companies     115.19  115.39 115.19 115.39  0.20    0.00     192.1      189.3    77.9     70.7       0.00      0.00     0.10  
like          115.39  115.65 115.39 115.65  0.26    0.00     154.1      152.0    80.2     73.2       0.00      0.00     0.10  
Nothing,      115.65  115.89 115.65 115.89  0.24    0.00     114.3      116.0    75.4     66.6       0.00      0.00     0.10  
who           115.89  116.15 115.89 116.15  0.26    0.00     142.5      140.9    75.4     70.5       0.00      0.00     0.10  
are           116.15  116.23 116.15 116.23  0.08    0.00     124.7      124.8    79.2     78.5       0.00      0.00     0.11  
actually      116.23  116.49 116.23 116.49  0.26    0.00     177.7      163.9    78.4     70.2       0.00      0.00     0.11  
doing         116.49  116.79 116.49 116.79  0.30    0.00     135.0      132.1    77.8     70.5       0.00      0.00     0.11  
all           116.79  117.09 116.79 117.09  0.30    0.00     125.3      128.0    79.4     67.9       0.00      0.00     0.12  
sorts         117.09  117.29 117.09 117.29  0.20    0.00     139.7      140.3    75.4     70.1       0.00      0.00     0.12  
of            117.29  117.51 117.29 117.51  0.22    0.00     115.1      117.5    72.0     62.5       0.00      0.00     0.12  
semi          117.51  117.85 117.51 117.85  0.34    0.00     116.5      119.2    74.8     71.6       0.00      0.00     0.13  
-interesting  117.85  118.09 117.85 118.09  0.24    0.00     109.7      110.0    72.7     66.6       0.00      0.00     0.13  
things        118.09  118.47 118.09 118.47  0.38    0.00     106.2      107.5    71.5     64.7       0.00      0.00     0.13  
with          118.47  118.71 118.47 118.71  0.24    0.00      96.9       97.6    69.7     59.5       0.00      0.00     0.13  
keeping       118.71  118.95 118.71 118.95  0.24    0.00     129.3      123.4    71.5     56.1       0.00      0.00     0.14  
your          118.95  119.17 118.95 119.17  0.22    0.00     113.8      114.3    73.4     70.6       0.00      0.00     0.14  
phone         119.17  119.39 119.17 119.39  0.22    0.00     114.5      116.4    76.0     65.7       0.00      0.00     0.14  
face          119.39  119.73 119.39 119.73  0.34    0.00     108.3      108.8    74.4     61.5       0.00      0.00     0.15  
down          119.73  120.11 119.73 120.11  0.38    0.00     138.0      140.9    77.7     69.9       0.00      0.00     0.15  
and           120.11  120.53 120.11 120.53  0.42    0.00     133.7      134.8    72.9     58.8       0.00      0.00     0.15  
giving        120.53  120.75 120.53 120.75  0.22    0.00     114.2      116.2    75.3     66.0       0.00      0.00     0.16  
you           120.75  120.95 120.75 120.95  0.20    0.00     129.9      129.1    74.7     73.5       0.00      0.00     0.16  
information   120.95  121.35 120.95 121.35  0.40    0.00     129.1      132.4    73.2     67.7       0.00      0.00     0.16  
on            121.35  121.85 121.35 121.85  0.50    0.00     126.0      123.7    73.6     65.1       0.00      0.00     0.17  
the           121.85  121.99 121.85 121.99  0.14    0.00     108.1      105.7    72.2     67.5       0.00      0.00     0.17  
back          121.99  122.23 121.99 122.23  0.24    0.00      88.8       88.8    72.4     59.9       0.00      0.00     0.17  
of            122.23  122.35 122.23 122.35  0.12    0.00     104.2      107.5    67.2     58.7       0.00      0.00     0.17  
your          122.35  122.49 122.35 122.49  0.14    0.00     111.7      110.7    69.6     60.9       0.00      0.00     0.18  
phone,        122.49  122.71 122.49 122.71  0.22    0.00     155.0      153.2    77.7     65.4       0.00      0.08     0.18  
so            122.79  122.91 122.79 122.91  0.12    0.00     109.7      110.3    68.2     63.8       0.08      0.00     0.18  
you           122.91  122.97 122.91 122.97  0.06    0.00     100.3       97.1    69.7     62.4       0.00      0.00     0.19  
don't         122.97  123.09 122.97 123.09  0.12    0.00     103.4      103.3    71.7     65.2       0.00      0.00     0.19  
have          123.09  123.21 123.09 123.21  0.12    0.00     112.1      111.0    74.9     67.9       0.00      0.00     0.19  
to            123.21  123.33 123.21 123.33  0.12    0.00       nan        nan    56.2     49.0       0.00      0.00     0.20  few_voiced+quiet
pick          123.33  123.51 123.33 123.51  0.18    0.00     126.7      126.8    74.5     59.3       0.00      0.00     0.20  
it            123.51  123.61 123.51 123.61  0.10    0.00     134.0      136.6    72.6     63.6       0.00      0.00     0.20  
up            123.61  123.77 123.61 123.77  0.16    0.00     132.5      133.2    78.1     68.2       0.00      0.00     0.21  
or            123.77  123.97 123.77 123.97  0.20    0.00     119.7      118.3    74.2     56.0       0.00      0.00     0.21  
even          123.97  124.19 123.97 124.19  0.22    0.00     112.1      112.0    74.9     69.9       0.00      0.00     0.21  
look          124.19  124.39 124.19 124.39  0.20    0.00     105.7      106.0    74.4     67.4       0.00      0.00     0.21  
at            124.39  124.59 124.39 124.59  0.20    0.00      82.0       84.3    69.1     62.5       0.00      0.00     0.22  
it.           124.59  124.81 124.59 124.67  0.08    0.14      72.3       72.8    66.2     62.4       0.00      0.35     0.22  
It's          124.95  125.15 125.02 125.15  0.13    0.07     124.1      120.7    73.0     67.1       0.35      0.00     0.22  
basically     125.15  125.41 125.15 125.41  0.26    0.00     196.3      203.0    81.1     68.6       0.00      0.00     0.23  
half          125.41  125.63 125.41 125.63  0.22    0.00     120.7      122.3    77.8     73.6       0.00      0.00     0.23  
the           125.63  125.77 125.63 125.77  0.14    0.00     117.9      115.3    73.6     61.0       0.00      0.00     0.23  
identity      125.77  126.09 125.77 126.09  0.32    0.00     117.5      122.7    77.5     70.4       0.00      0.00     0.24  
of            126.09  126.29 126.09 126.29  0.20    0.00      93.4       94.7    72.2     66.6       0.00      0.00     0.24  
that          126.29  126.45 126.29 126.45  0.16    0.00      87.4       87.4    71.3     65.7       0.00      0.00     0.24  
phone         126.45  126.65 126.45 126.65  0.20    0.00     131.8      129.3    75.8     62.0       0.00      0.00     0.25  
company.      126.65  127.03 126.65 127.03  0.38    0.00      90.3       95.5    64.8     55.7       0.00      0.23     0.25  
But           127.23  127.35 127.26 127.35  0.09    0.03     174.6      174.2    73.3     66.7       0.23      0.00     0.25  
you           127.35  127.43 127.35 127.43  0.08    0.00     219.4      219.4    67.6     66.4       0.00      0.00     0.25  few_voiced
don't         127.43  127.53 127.43 127.53  0.10    0.00     250.4      251.0    85.7     81.4       0.00      0.00     0.26  
even          127.53  127.65 127.53 127.65  0.12    0.00     249.3      249.6    77.6     76.6       0.00      0.00     0.26  
have          127.65  127.75 127.65 127.75  0.10    0.00     210.1      209.9    77.0     72.1       0.00      0.00     0.26  
to            127.75  127.85 127.75 127.85  0.10    0.00     167.3      167.5    71.8     66.5       0.00      0.00     0.27  
do            127.85  127.95 127.85 127.95  0.10    0.00     194.5      180.4    80.8     73.7       0.00      0.00     0.27  
all           127.95  128.11 127.95 128.11  0.16    0.00     156.6      162.7    82.2     80.1       0.00      0.00     0.27  
that.         128.11  128.31 128.11 128.31  0.20    0.00     218.4      209.7    78.1     74.0       0.00      0.22     0.28  
We            128.47  128.65 128.53 128.65  0.12    0.06     135.2      144.7    75.4     69.7       0.22      0.00     0.28  
just          128.65  128.81 128.65 128.81  0.16    0.00     200.9      197.8    76.9     70.5       0.00      0.00     0.28  
want          128.81  129.27 128.81 129.09  0.28    0.18     149.4      147.0    74.0     66.9       0.00      0.32     0.29  
colored       129.27  129.77 129.41 129.77  0.36    0.14     128.0      126.1    77.4     70.1       0.32      0.00     0.29  
notification  129.77  130.49 129.77 130.49  0.72    0.00     128.5      129.8    76.4     66.3       0.00      0.00     0.29  
LEDs          130.49  130.95 130.49 130.95  0.46    0.00     102.0      103.4    71.2     67.6       0.00      0.00     0.29  
back          130.95  131.41 130.95 131.40  0.45    0.01      93.6       94.3    71.1     62.1       0.00      0.32     0.30  
from          131.41  131.87 131.72 131.87  0.15    0.31      92.7       95.1    73.2     66.8       0.32      0.00     0.30  
like          131.87  132.09 131.87 132.06  0.19    0.03      88.9       89.6    70.0     66.0       0.00      0.20     0.30  
2017.         132.09  132.89 132.26 132.89  0.63    0.17     105.5      104.6    73.5     65.4       0.20      0.94     0.31  
But           133.75  133.93 133.83 133.93  0.10    0.08     102.1      102.1    74.9     68.6       0.94      0.00     0.31  
here,         133.93  134.23 133.93 134.23  0.30    0.00     173.5      173.1    83.1     74.5       0.00      0.14     0.31  
Google        134.37  134.63 134.37 134.63  0.26    0.00     140.7      139.9    78.3     68.4       0.14      0.00     0.32  
has           134.63  134.89 134.63 134.89  0.26    0.00     125.4      121.0    74.9     69.7       0.00      0.00     0.32  
relegated     134.89  135.29 134.89 135.29  0.40    0.00     120.9      117.8    77.6     70.4       0.00      0.00     0.32  
it            135.29  135.61 135.29 135.61  0.32    0.00     119.5      117.8    73.9     66.5       0.00      0.00     0.33  
to            135.61  135.83 135.61 135.83  0.22    0.00     102.6      103.4    68.6     57.4       0.00      0.00     0.33  
just          135.83  136.49 135.83 136.49  0.66    0.00     128.2      133.2    79.1     59.5       0.00      0.00     0.33  
phone         136.49  137.49 136.49 137.49  1.00    0.00     112.6      112.5    73.0     47.8       0.00      0.00     0.33  
calls.        137.49  137.95 137.49 137.95  0.46    0.00      90.2       82.6    67.8     60.0       0.00      0.83     0.34  
That's        138.71  139.15 138.78 139.15  0.37    0.07      91.6       92.1    74.7     64.8       0.83      0.00     0.34  
it.           139.15  139.33 139.15 139.27  0.12    0.06      86.3      128.8    69.1     63.1       0.00      0.32     0.34  
It            139.57  139.75 139.59 139.75  0.16    0.02     136.5      135.5    75.7     65.6       0.32      0.00     0.35  
is            139.75  139.87 139.75 139.87  0.12    0.00     115.3      114.4    77.8     73.3       0.00      0.00     0.35  
what          139.87  140.01 139.87 140.01  0.14    0.00      95.2       92.3    70.5     65.3       0.00      0.00     0.35  
it            140.01  140.11 140.01 140.11  0.10    0.00      81.9       83.5    64.3     62.0       0.00      0.00     0.36  
is.           140.11  140.31 140.11 140.31  0.20    0.00      80.6       80.6    61.5     57.3       0.00      0.65     0.36  few_voiced+quiet
Here's        140.87  141.13 140.96 141.13  0.17    0.09     238.0      214.8    81.1     74.6       0.65      0.00     0.36  
everything    141.13  141.43 141.13 141.43  0.30    0.00     176.2      190.1    84.5     73.8       0.00      0.00     0.37  
that's        141.43  141.67 141.43 141.67  0.24    0.00     130.9      129.8    72.8     67.8       0.00      0.00     0.37  
new           141.67  141.85 141.67 141.85  0.18    0.00     121.0      116.8    76.7     74.8       0.00      0.00     0.37  
for           141.85  142.05 141.85 142.05  0.20    0.00      95.8       96.8    70.9     61.9       0.00      0.00     0.37  
the           142.05  142.17 142.05 142.17  0.12    0.00      97.4       96.9    73.5     64.8       0.00      0.00     0.38  
base          142.17  142.41 142.17 142.41  0.24    0.00     112.1      112.2    75.8     65.5       0.00      0.00     0.38  
Pixel         142.41  142.79 142.41 142.79  0.38    0.00     118.4      117.2    71.9     59.9       0.00      0.00     0.38  
11.           142.79  143.09 142.79 143.09  0.30    0.00      93.6       93.7    73.9     66.2       0.00      0.28     0.39  
So            143.35  143.49 143.37 143.49  0.12    0.02     177.3      177.4    79.7     66.6       0.28      0.00     0.39  
you           143.49  143.53 143.49 143.53  0.04    0.00     186.4      184.3    77.5     73.0       0.00      0.00     0.39  
can           143.53  143.59 143.53 143.59  0.06    0.00     208.9      207.9    78.0     75.5       0.00      0.00     0.40  
see           143.59  143.69 143.59 143.69  0.10    0.00     207.8      205.9    78.7     74.2       0.00      0.00     0.40  
this          143.69  143.83 143.69 143.83  0.14    0.00     157.6      153.4    74.0     69.9       0.00      0.00     0.40  
bright        143.83  144.05 143.83 144.05  0.22    0.00     121.5      119.0    81.3     68.4       0.00      0.00     0.40  
new           144.05  144.27 144.05 144.27  0.22    0.00     117.7      118.2    74.2     68.9       0.00      0.00     0.41  
color,        144.27  144.63 144.27 144.63  0.36    0.00     112.0      112.9    75.8     65.3       0.00      0.48     0.41  
Fuchsia,      145.11  145.55 145.11 145.31  0.20    0.24     147.1      147.2    73.5     67.4       0.48      0.28     0.41  
in            145.55  145.69 145.59 145.69  0.10    0.04     117.8      116.7    73.7     71.0       0.28      0.00     0.42  
the           145.69  145.83 145.69 145.83  0.14    0.00     102.1      101.7    75.8     69.0       0.00      0.00     0.42  
same          145.83  146.11 145.83 146.11  0.28    0.00     145.1      145.3    73.8     71.3       0.00      0.00     0.42  
shape,        146.11  146.49 146.11 146.49  0.38    0.00     110.5      117.6    75.6     67.8       0.00      0.18     0.43  
same          146.67  146.81 146.67 146.81  0.14    0.00     134.3      132.6    72.3     70.3       0.18      0.00     0.43  
silhouette    146.81  147.17 146.81 147.17  0.36    0.00     113.8      116.1    75.6     71.4       0.00      0.00     0.43  
we            147.17  147.37 147.17 147.37  0.20    0.00     102.4       97.6    77.7     67.6       0.00      0.00     0.44  
all           147.37  147.51 147.37 147.51  0.14    0.00     100.1       99.7    73.7     72.4       0.00      0.00     0.44  
know          147.51  147.69 147.51 147.69  0.18    0.00      96.7       96.5    69.5     68.4       0.00      0.00     0.44  
and           147.69  147.79 147.69 147.79  0.10    0.00     101.7      101.9    69.2     67.4       0.00      0.00     0.44  
love,         147.79  147.99 147.79 147.99  0.20    0.00      85.1       85.6    66.5     64.1       0.00      0.34     0.45  
still         148.33  148.37 148.33 148.37  0.04    0.00     114.2      114.0    75.7     74.5       0.34      0.00     0.45  
recognizably  148.37  149.09 148.37 149.09  0.72    0.00      98.6       99.6    70.4     65.2       0.00      0.00     0.45  
and           149.09  149.23 149.09 149.23  0.14    0.00      99.9       98.6    68.3     65.5       0.00      0.00     0.46  
lovably       149.23  149.63 149.23 149.63  0.40    0.00      95.1       97.4    68.5     64.0       0.00      0.00     0.46  
Pixel.        149.63  149.93 149.63 149.93  0.30    0.00      87.9       92.2    65.2     56.0       0.00      0.64     0.46  
The           150.51  150.69 150.57 150.69  0.12    0.06     127.5      127.2    73.6     62.7       0.64      0.00     0.47  
camera        150.69  150.93 150.69 150.93  0.24    0.00     174.6      177.1    80.0     72.9       0.00      0.00     0.47  
bump          150.93  151.11 150.93 151.11  0.18    0.00     147.2      128.5    79.6     72.3       0.00      0.00     0.47  
is            151.11  151.39 151.11 151.39  0.28    0.00     128.5      127.4    76.1     66.6       0.00      0.00     0.48  
a             151.39  151.55 151.39 151.55  0.16    0.00     118.1      113.7    74.9     67.5       0.00      0.00     0.48  
bit           151.55  151.69 151.55 151.69  0.14    0.00     130.7      130.4    76.2     66.9       0.00      0.00     0.48  
less          151.69  151.99 151.69 151.99  0.30    0.00     126.5      124.4    76.9     67.0       0.00      0.00     0.48  
protrusive    151.99  152.51 151.99 152.51  0.52    0.00     148.5      150.0    73.9     62.5       0.00      0.00     0.49  
though,       152.51  152.75 152.51 152.75  0.24    0.00      99.9      101.5    75.2     66.5       0.00      0.26     0.49  
which         153.01  153.09 153.01 153.09  0.08    0.00     108.9      108.8    69.4     65.5       0.26      0.00     0.49  
is            153.09  153.23 153.09 153.23  0.14    0.00     105.3      105.5    70.2     65.0       0.00      0.00     0.50  
nice,         153.23  153.47 153.23 153.47  0.24    0.00     115.2      122.2    74.3     71.9       0.00      0.28     0.50  
so            153.75  153.87 153.75 153.87  0.12    0.00     119.1      119.1    74.4     62.5       0.28      0.00     0.50  few_voiced
they've       153.87  154.01 153.87 154.01  0.14    0.00     110.2      110.1    76.9     70.6       0.00      0.00     0.51  
actually      154.01  154.25 154.01 154.25  0.24    0.00     123.1      126.1    78.6     68.9       0.00      0.00     0.51  
designed      154.25  154.57 154.25 154.57  0.32    0.00     108.0      107.6    75.1     69.9       0.00      0.00     0.51  
their         154.57  154.75 154.57 154.75  0.18    0.00     100.4      100.8    71.5     70.0       0.00      0.00     0.52  
first         154.75  155.01 154.75 155.01  0.26    0.00     116.0      112.7    73.1     57.6       0.00      0.00     0.52  
-party        155.01  155.25 155.01 155.25  0.24    0.00      99.9      102.0    73.4     59.5       0.00      0.00     0.52  
case          155.25  155.49 155.25 155.49  0.24    0.00      93.4       95.2    69.5     60.0       0.00      0.00     0.52  
to            155.49  155.71 155.49 155.71  0.22    0.00      92.2       92.2    66.3     56.1       0.00      0.00     0.53  few_voiced
basically     155.71  155.99 155.71 155.99  0.28    0.00     103.2      103.7    74.4     60.6       0.00      0.00     0.53  
be            155.99  156.19 155.99 156.19  0.20    0.00     100.8      103.3    70.5     64.8       0.00      0.00     0.53  
the           156.19  156.33 156.19 156.33  0.14    0.00      91.8       90.9    74.2     64.4       0.00      0.00     0.54  
same          156.33  156.51 156.33 156.51  0.18    0.00     101.3      102.3    73.5     68.7       0.00      0.00     0.54  
thickness,    156.51  156.87 156.51 156.87  0.36    0.00     102.4      106.9    68.6     57.2       0.00      0.10     0.54  
so            156.97  157.09 156.97 157.09  0.12    0.00      96.5       97.5    68.9     65.3       0.10      0.00     0.55  
their         157.09  157.19 157.09 157.19  0.10    0.00      96.0       96.0    68.5     61.5       0.00      0.00     0.55  
camera        157.19  157.47 157.19 157.47  0.28    0.00     101.3      100.9    68.4     59.2       0.00      0.00     0.55  
bump          157.47  157.67 157.47 157.67  0.20    0.00      96.7       98.9    70.8     60.5       0.00      0.00     0.56  
disappears    157.67  158.11 157.67 158.11  0.44    0.00     108.3      108.4    68.3     56.2       0.00      0.00     0.56  
to            158.11  158.39 158.11 158.39  0.28    0.00     105.5      104.5    68.5     62.3       0.00      0.00     0.56  
zero.         158.39  158.59 158.39 158.59  0.20    0.00      90.5       91.7    68.6     64.9       0.00      0.50     0.56  
Cool.         159.09  159.23 159.09 159.23  0.14    0.00     100.6      101.1    71.1     68.1       0.50      0.84     0.57  
There's       160.01  160.23 160.07 160.23  0.16    0.06     153.6      149.4    83.2     76.5       0.84      0.00     0.57  
also          160.23  160.41 160.23 160.41  0.18    0.00     153.2      154.6    81.8     76.2       0.00      0.00     0.57  
a             160.41  160.65 160.41 160.65  0.24    0.00     154.5      166.6    81.1     76.0       0.00      0.00     0.58  
new           160.65  160.83 160.65 160.83  0.18    0.00     138.0      139.4    74.8     74.2       0.00      0.00     0.58  
larger        160.83  161.15 160.83 161.15  0.32    0.00     135.3      138.3    80.8     72.9       0.00      0.00     0.58  
48            161.15  161.57 161.15 161.57  0.42    0.00     131.3      130.4    75.2     67.0       0.00      0.00     0.59  
-megapixel    161.57  161.99 161.57 161.99  0.42    0.00     114.8      113.3    71.4     63.2       0.00      0.00     0.59  
primary       161.99  162.29 161.99 162.29  0.30    0.00     113.0      113.0    73.6     62.8       0.00      0.00     0.59  
camera        162.29  162.67 162.29 162.67  0.38    0.00      93.9       94.3    69.8     62.3       0.00      0.00     0.60  
sensor.       162.67  162.97 162.67 162.97  0.30    0.00      80.8       74.8    63.5     57.3       0.00      0.36     0.60  
Still         163.33  163.53 163.33 163.53  0.20    0.00     182.5      182.2    79.2     69.8       0.36      0.00     0.60  
has           163.53  163.69 163.53 163.69  0.16    0.00     186.7      186.2    81.2     79.5       0.00      0.00     0.60  
an            163.69  163.83 163.69 163.83  0.14    0.00     175.0      170.4    77.3     73.1       0.00      0.00     0.61  
ultra         163.83  163.95 163.83 163.95  0.12    0.00     142.3      141.2    75.8     65.1       0.00      0.00     0.61  
-wide,        163.95  164.17 163.95 164.17  0.22    0.00     128.3      131.6    77.3     75.1       0.00      0.40     0.61  
still         164.57  164.75 164.57 164.75  0.18    0.00     110.2      109.9    72.1     64.2       0.40      0.00     0.62  
has           164.75  164.89 164.75 164.89  0.14    0.00     109.4      108.5    79.0     74.3       0.00      0.00     0.62  
a             164.89  165.01 164.89 165.01  0.12    0.00     115.3      113.7    71.9     62.3       0.00      0.00     0.62  
5X            165.01  165.35 165.01 165.35  0.34    0.00     111.8      112.8    78.4     67.9       0.00      0.00     0.63  
telephoto     165.35  165.71 165.35 165.71  0.36    0.00     103.6      106.1    75.4     66.7       0.00      0.00     0.63  
as            165.71  165.89 165.71 165.89  0.18    0.00     106.7      106.9    72.1     69.3       0.00      0.00     0.63  
well.         165.89  166.13 165.89 166.13  0.24    0.00      89.5       90.3    69.5     64.3       0.00      0.52     0.63  
Definitely    166.65  166.83 166.65 166.83  0.18    0.00     122.8      129.7    78.8     67.2       0.52      0.00     0.64  
looking       166.83  167.15 166.83 167.15  0.32    0.00     144.7      140.5    77.5     72.1       0.00      0.00     0.64  
forward       167.15  167.31 167.15 167.31  0.16    0.00     123.9      125.8    77.5     64.7       0.00      0.00     0.64  
to            167.31  167.47 167.31 167.47  0.16    0.00     119.6      119.7    70.8     62.7       0.00      0.00     0.65  
testing       167.47  167.65 167.47 167.65  0.18    0.00     104.4      104.0    76.1     66.0       0.00      0.00     0.65  
to            167.65  167.89 167.65 167.89  0.24    0.00     101.9      103.6    70.1     65.6       0.00      0.00     0.65  
see           167.89  167.99 167.89 167.99  0.10    0.00     108.9      108.4    67.8     66.0       0.00      0.00     0.66  
how           167.99  168.17 167.99 168.17  0.18    0.00     102.0      100.8    75.4     67.8       0.00      0.00     0.66  
big           168.17  168.39 168.17 168.39  0.22    0.00     104.0      104.0    75.0     62.2       0.00      0.00     0.66  
of            168.39  168.51 168.39 168.51  0.12    0.00     102.4      100.5    73.2     67.5       0.00      0.00     0.67  
a             168.51  168.63 168.51 168.63  0.12    0.00      94.7       94.2    69.0     61.7       0.00      0.00     0.67  
difference    168.63  168.91 168.63 168.91  0.28    0.00     114.7      110.7    72.0     62.6       0.00      0.00     0.67  
this          168.91  169.19 168.91 169.19  0.28    0.00     116.5      117.0    72.9     61.2       0.00      0.00     0.67  
new           169.19  169.47 169.19 169.47  0.28    0.00     116.6      116.4    72.7     66.4       0.00      0.00     0.68  
camera        169.47  169.77 169.47 169.77  0.30    0.00     121.5      122.1    73.7     62.8       0.00      0.00     0.68  
makes.        169.77  170.15 169.77 170.15  0.38    0.00     108.6      114.1    72.4     66.6       0.00      0.40     0.68  
Get           170.49  170.65 170.55 170.65  0.10    0.06      97.7       97.7    69.9     60.4       0.40      0.00     0.69  few_voiced
subscribed    170.65  170.95 170.65 170.95  0.30    0.00      92.8       92.8    66.7     59.2       0.00      0.00     0.69  few_voiced
to            170.95  171.15 170.95 171.15  0.20    0.00      97.4       98.8    77.0     66.9       0.00      0.00     0.69  
see           171.15  171.31 171.15 171.31  0.16    0.00     119.8      120.5    73.2     68.8       0.00      0.00     0.70  
that          171.31  171.51 171.31 171.51  0.20    0.00     102.5      110.5    76.6     68.3       0.00      0.00     0.70  
in            171.51  171.67 171.51 171.67  0.16    0.00      95.2       95.0    65.6     59.8       0.00      0.00     0.70  
the           171.67  171.77 171.67 171.77  0.10    0.00      95.7       95.0    66.3     56.1       0.00      0.00     0.71  
full          171.77  171.91 171.77 171.91  0.14    0.00     114.2      115.6    73.7     62.2       0.00      0.00     0.71  
review.       171.91  172.21 171.91 172.21  0.30    0.00     146.2      147.5    71.3     67.7       0.00      0.63     0.71  
And           172.73  173.17 172.84 173.17  0.33    0.11     118.9      120.2    76.4     71.3       0.63      0.00     0.71  
then          173.17  173.27 173.17 173.27  0.10    0.00     159.6      158.7    73.7     71.4       0.00      0.00     0.72  
there's       173.27  173.53 173.27 173.49  0.22    0.04     157.3      157.7    75.6     70.2       0.00      0.19     0.72  
slightly      173.53  174.03 173.68 174.03  0.35    0.15     223.7      218.9    78.9     70.8       0.19      0.00     0.72  
faster        174.03  174.55 174.03 174.55  0.52    0.00     178.7      178.6    75.8     67.6       0.00      0.00     0.73  
wireless      174.55  174.85 174.55 174.85  0.30    0.00     144.9      146.7    80.2     76.2       0.00      0.00     0.73  
charging      174.85  175.21 174.85 175.21  0.36    0.00     108.4      111.6    79.5     68.8       0.00      0.00     0.73  
now,          175.21  175.49 175.21 175.48  0.27    0.01      87.5       84.4    65.7     62.6       0.00      0.29     0.74  
25            175.77  176.03 175.77 176.03  0.26    0.00     140.3      143.9    76.4     69.5       0.29      0.00     0.74  
watts         176.03  176.31 176.03 176.31  0.28    0.00      90.0       89.5    69.6     62.0       0.00      0.00     0.74  
instead       176.31  176.63 176.31 176.63  0.32    0.00     102.1      102.1    65.3     57.6       0.00      0.00     0.75  few_voiced
of            176.63  176.75 176.63 176.75  0.12    0.00      99.8      101.1    71.8     66.1       0.00      0.00     0.75  
15.           176.75  177.09 176.75 177.09  0.34    0.00      97.0       94.1    69.7     55.3       0.00      0.23     0.75  
Also,         177.31  177.51 177.32 177.51  0.19    0.01     129.8      129.0    79.0     70.4       0.23      0.04     0.75  
shout         177.55  177.71 177.55 177.71  0.16    0.00     118.0      119.9    79.0     69.8       0.04      0.00     0.76  
out           177.71  177.81 177.71 177.81  0.10    0.00     119.2      118.0    78.5     70.3       0.00      0.00     0.76  
to            177.81  177.89 177.81 177.89  0.08    0.00     129.7      130.7    69.9     64.4       0.00      0.00     0.76  
them          177.89  178.03 177.89 178.03  0.14    0.00     113.6      113.0    71.3     68.9       0.00      0.00     0.77  
keeping       178.03  178.25 178.03 178.25  0.22    0.00     106.2      106.1    67.7     56.8       0.00      0.00     0.77  
the           178.25  178.45 178.25 178.45  0.20    0.00      98.5       99.0    65.6     59.7       0.00      0.00     0.77  
Pixel         178.45  178.63 178.45 178.63  0.18    0.00     106.8      106.8    63.7     57.2       0.00      0.00     0.78  few_voiced
snap          178.63  178.85 178.63 178.85  0.22    0.00      93.3       95.4    68.8     63.3       0.00      0.00     0.78  
magnets.      178.85  179.21 178.85 179.21  0.36    0.00      91.3       85.7    63.7     56.1       0.00      0.65     0.78  
And           179.85  179.95 179.86 179.95  0.09    0.01     171.0      172.3    79.2     72.2       0.65      0.00     0.79  
of            179.95  180.03 179.95 180.03  0.08    0.00     177.0      175.1    80.1     69.9       0.00      0.00     0.79  
course,       180.03  180.19 180.03 180.19  0.16    0.00     188.9      190.1    83.7     75.2       0.00      0.12     0.79  
inside        180.31  180.69 180.31 180.69  0.38    0.00     171.1      166.9    80.7     76.6       0.12      0.00     0.79  
is            180.69  181.07 180.69 181.07  0.38    0.00     135.9      133.5    79.4     68.5       0.00      0.00     0.80  
the           181.07  181.23 181.07 181.23  0.16    0.00     113.9      111.8    73.3     65.7       0.00      0.00     0.80  
new           181.23  181.51 181.23 181.51  0.28    0.00     119.9      118.4    74.7     72.5       0.00      0.00     0.80  
Tensor        181.51  181.89 181.51 181.89  0.38    0.00     132.3      132.4    69.7     60.1       0.00      0.00     0.81  
G6            181.89  182.63 181.89 182.63  0.74    0.00     117.4      127.6    73.4     67.2       0.00      0.66     0.81  
with          183.21  183.43 183.29 183.43  0.14    0.08      93.1       95.0    68.6     61.7       0.66      0.00     0.81  
12            183.43  183.77 183.43 183.77  0.34    0.00     137.4      136.5    82.8     60.2       0.00      0.00     0.82  
gigs          183.77  183.93 183.77 183.93  0.16    0.00     126.3      125.9    77.2     69.4       0.00      0.00     0.82  
of            183.93  184.15 183.93 184.15  0.22    0.00     107.5      107.7    70.2     61.0       0.00      0.00     0.82  
RAM,          184.15  184.35 184.15 184.35  0.20    0.00      98.5       98.8    73.0     70.7       0.00      0.47     0.83  
which         184.75  184.93 184.82 184.93  0.11    0.07     104.6      104.3    72.4     65.9       0.47      0.00     0.83  
I             184.93  185.13 184.93 185.13  0.20    0.00     105.0      103.9    76.6     63.0       0.00      0.00     0.83  
will          185.13  185.25 185.13 185.25  0.12    0.00     103.9      103.8    74.8     72.1       0.00      0.00     0.83  
have          185.25  185.41 185.25 185.41  0.16    0.00     136.7      140.6    77.8     67.9       0.00      0.00     0.84  
to            185.41  185.57 185.41 185.57  0.16    0.00     162.4      157.3    71.2     58.9       0.00      0.00     0.84  
benchmark     185.57  185.83 185.57 185.83  0.26    0.00     137.4      140.0    78.8     68.4       0.00      0.00     0.84  
and           185.83  186.09 185.83 186.09  0.26    0.00     114.9      112.8    78.5     67.4       0.00      0.00     0.85  
put           186.09  186.25 186.09 186.25  0.16    0.00     115.0      118.4    70.8     56.3       0.00      0.00     0.85  
through       186.25  186.39 186.25 186.39  0.14    0.00     122.2      122.9    73.5     61.7       0.00      0.00     0.85  
its           186.39  186.55 186.39 186.55  0.16    0.00     124.9      125.1    73.7     61.3       0.00      0.00     0.86  
paces,        186.55  186.85 186.55 186.85  0.30    0.00      96.6       99.2    73.0     62.9       0.00      0.20     0.86  
but           187.05  187.23 187.05 187.23  0.18    0.00     107.2      107.7    74.8     60.2       0.20      0.00     0.86  
there         187.23  187.45 187.23 187.45  0.22    0.00     131.9      131.8    74.4     58.5       0.00      0.00     0.87  
doesn't       187.45  187.73 187.45 187.73  0.28    0.00     164.3      164.0    79.6     67.7       0.00      0.00     0.87  
seem          187.73  187.91 187.73 187.91  0.18    0.00     136.9      137.4    71.5     67.9       0.00      0.00     0.87  
to            187.91  188.03 187.91 188.03  0.12    0.00     118.3      115.5    73.8     71.6       0.00      0.00     0.87  
be            188.03  188.19 188.03 188.19  0.16    0.00     110.4      108.7    73.4     68.4       0.00      0.00     0.88  
any           188.19  188.41 188.19 188.41  0.22    0.00     107.6      106.0    73.7     71.6       0.00      0.00     0.88  
eye           188.41  188.77 188.41 188.77  0.36    0.00     101.4      100.1    74.2     61.9       0.00      0.00     0.88  
-popping      188.77  189.29 188.77 189.29  0.52    0.00      94.6       95.8    75.0     63.3       0.00      0.00     0.89  
mega          189.29  190.11 189.29 190.11  0.82    0.00      98.6       99.3    74.6     55.1       0.00      0.00     0.89  
leaps         190.11  190.53 190.11 190.53  0.42    0.00      92.0       93.9    73.1     64.5       0.00      0.00     0.89  
here.         190.53  191.03 190.53 191.03  0.50    0.00     131.4      130.0    75.5     65.5       0.00      0.20     0.90  
The           191.23  191.27 191.23 191.27  0.04    0.00       nan        nan    58.5     53.9       0.20      0.00     0.90  few_voiced+quiet
phone         191.27  191.43 191.27 191.43  0.16    0.00     148.8      150.6    81.4     69.5       0.00      0.00     0.90  
is            191.43  191.59 191.43 191.59  0.16    0.00     152.3      145.7    74.8     72.5       0.00      0.00     0.90  
as            191.59  191.69 191.59 191.69  0.10    0.00     118.6      116.7    72.7     70.3       0.00      0.00     0.91  
smooth        191.69  191.91 191.69 191.91  0.22    0.00     162.7      163.0    77.5     71.7       0.00      0.00     0.91  
as            191.91  192.05 191.91 192.05  0.14    0.00     139.8      138.7    75.2     72.3       0.00      0.00     0.91  
it            192.05  192.15 192.05 192.15  0.10    0.00     119.1      119.1    68.8     59.3       0.00      0.00     0.92  
can           192.15  192.27 192.15 192.27  0.12    0.00     105.5      107.7    71.5     63.7       0.00      0.00     0.92  
be            192.27  192.45 192.27 192.45  0.18    0.00     125.4      121.1    76.8     72.4       0.00      0.00     0.92  
in            192.45  192.59 192.45 192.59  0.14    0.00     126.9      123.4    72.0     71.4       0.00      0.00     0.93  
my            192.59  192.73 192.59 192.73  0.14    0.00     105.2      104.9    73.1     71.3       0.00      0.00     0.93  
hands         192.73  192.95 192.73 192.95  0.22    0.00     105.5      105.4    71.2     67.8       0.00      0.00     0.93  
-on,          192.95  193.21 192.95 193.21  0.26    0.00     105.7      105.0    71.6     68.0       0.00      0.06     0.94  
but           193.27  193.45 193.27 193.43  0.16    0.02      91.2       91.4    72.0     63.8       0.06      0.40     0.94  
it            193.45  193.93 193.83 193.93  0.10    0.38     139.4      138.0    76.3     70.1       0.40      0.00     0.94  
always        193.93  194.17 193.93 194.17  0.24    0.00      84.9       90.9    75.9     69.3       0.00      0.00     0.94  
is.           194.17  194.47 194.17 194.47  0.30    0.00      95.4       97.4    72.4     66.2       0.00      0.18     0.95  
And           194.65  195.05 194.65 195.05  0.40    0.00     136.7      148.7    78.1     74.8       0.18      0.00     0.95  
it's          195.05  195.33 195.05 195.33  0.28    0.00     126.2      125.6    72.6     64.8       0.00      0.00     0.95  
finally       195.33  195.59 195.33 195.59  0.26    0.00     158.5      156.6    76.9     66.5       0.00      0.00     0.96  
caught        195.59  195.85 195.59 195.85  0.26    0.00     197.4      185.3    76.0     65.6       0.00      0.00     0.96  
up            195.85  195.95 195.85 195.95  0.10    0.00     208.8      209.9    77.9     68.7       0.00      0.00     0.96  
to            195.95  196.07 195.95 196.07  0.12    0.00     224.5      227.5    77.2     67.6       0.00      0.00     0.97  
the           196.07  196.13 196.07 196.13  0.06    0.00     193.8      193.8    71.1     61.2       0.00      0.00     0.97  few_voiced
pack          196.13  196.35 196.13 196.35  0.22    0.00     194.3      200.4    78.1     73.0       0.00      0.00     0.97  
by            196.35  196.69 196.35 196.69  0.34    0.00     120.2      120.0    75.9     51.1       0.00      0.00     0.98  
having        196.69  196.97 196.69 196.97  0.28    0.00     123.5      122.1    76.0     70.9       0.00      0.00     0.98  
a             196.97  197.19 196.97 197.19  0.22    0.00     107.3      110.5    70.6     67.3       0.00      0.00     0.98  
new           197.19  197.47 197.19 197.47  0.28    0.00     134.6      127.5    73.5     72.3       0.00      0.00     0.98  
doubled       197.47  197.97 197.47 197.97  0.50    0.00     127.3      126.6    77.1     66.0       0.00      0.00     0.99  
256           197.97  198.75 197.97 198.75  0.78    0.00     153.5      155.0    75.7     61.4       0.00      0.00     0.99  
-gig          198.75  199.35 198.75 199.35  0.60    0.00     101.7      107.6    73.4     65.1       0.00      0.00     0.99  
base          199.35  199.63 199.35 199.63  0.28    0.00      86.9       89.7    70.5     58.2       0.00      0.00     1.00  
storage.      199.63  200.05 199.63 200.05  0.42    0.00      77.4       78.4    70.7     59.8       0.00      1.78     1.00  
And           201.47  201.95 201.83 201.95  0.12    0.36     102.5      101.9    69.9     67.8       1.78      0.00     0.00  
they          201.95  202.17 201.95 202.17  0.22    0.00      89.3       89.6    69.6     65.3       0.00      0.00     0.00  
also          202.17  202.73 202.17 202.73  0.56    0.00     222.2      210.0    79.1     60.7       0.00      0.00     0.01  
increased     202.73  203.61 202.73 203.61  0.88    0.00     146.3      144.8    77.2     55.1       0.00      0.00     0.01  
the           203.61  203.81 203.61 203.81  0.20    0.00     130.3      130.4    71.1     64.2       0.00      0.00     0.01  
price         203.81  203.97 203.81 203.97  0.16    0.00     114.1      116.9    76.9     71.4       0.00      0.00     0.02  
by            203.97  204.17 203.97 204.17  0.20    0.00     111.9      112.5    77.4     64.4       0.00      0.00     0.02  
100           204.17  204.39 204.17 204.39  0.22    0.00     104.5      103.0    72.8     69.1       0.00      0.00     0.02  
bucks.        204.39  204.63 204.39 204.63  0.24    0.00      86.8       84.7    69.7     57.2       0.00      0.46     0.03  
So            205.09  205.13 205.09 205.13  0.04    0.00     112.1      112.0    75.7     75.1       0.46      0.00     0.03  
they          205.13  205.25 205.13 205.25  0.12    0.00     104.1      104.6    72.4     69.0       0.00      0.00     0.04  
essentially   205.25  205.49 205.25 205.49  0.24    0.00     166.0      145.9    74.2     69.7       0.00      0.00     0.04  
got           205.49  205.77 205.49 205.77  0.28    0.00     121.5      129.1    77.6     71.3       0.00      0.00     0.04  
rid           205.77  205.99 205.77 205.99  0.22    0.00     124.2      116.9    77.8     70.2       0.00      0.00     0.05  
of            205.99  206.21 205.99 206.21  0.22    0.00     111.6      111.9    76.1     70.5       0.00      0.00     0.05  
the           206.21  206.35 206.21 206.35  0.14    0.00      99.8       99.7    71.6     61.8       0.00      0.00     0.05  
128           206.35  206.77 206.35 206.77  0.42    0.00     107.5      107.4    73.1     64.2       0.00      0.00     0.06  
-gig,         206.77  207.67 206.77 207.35  0.58    0.32      93.6       93.8    68.7     61.3       0.00      0.78     0.06  
$800          208.13  208.17 208.13 208.17  0.04    0.00      91.7       91.9    67.1     64.0       0.78      0.00     0.06  
spec.         208.17  208.67 208.17 208.67  0.50    0.00      85.1       83.0    71.5     62.1       0.00      0.36     0.07  
And           209.03  209.09 209.03 209.09  0.06    0.00      99.1       99.5    69.8     68.2       0.36      0.00     0.07  
now           209.09  209.31 209.09 209.31  0.22    0.00      93.0       93.9    70.9     69.3       0.00      0.00     0.07  
the           209.31  209.47 209.31 209.47  0.16    0.00      89.7       89.6    69.1     62.1       0.00      0.00     0.08  
price         209.47  209.67 209.47 209.67  0.20    0.00     111.2      111.5    77.1     62.6       0.00      0.00     0.08  
of            209.67  209.87 209.67 209.87  0.20    0.00     130.4      126.7    77.3     67.1       0.00      0.00     0.08  
entry         209.87  210.11 209.87 210.11  0.24    0.00     106.2      108.9    72.2     66.9       0.00      0.00     0.09  
is            210.11  210.83 210.11 210.83  0.72    0.00     100.3      107.2    70.8     42.3       0.00      0.00     0.09  
$900.         210.83  211.19 210.83 211.19  0.36    0.00      92.7       95.8    74.5     67.5       0.00      0.38     0.10  
So            211.57  211.73 211.57 211.73  0.16    0.00     141.4      142.7    78.3     65.9       0.38      0.00     0.10  
for           211.73  211.85 211.73 211.85  0.12    0.00     138.8      135.2    72.0     62.5       0.00      0.00     0.10  
the           211.85  211.95 211.85 211.95  0.10    0.00     126.8      126.6    75.4     70.3       0.00      0.00     0.11  
11            211.95  212.31 211.95 212.31  0.36    0.00     130.8      128.3    80.2     74.6       0.00      0.00     0.11  
Pro,          212.31  212.79 212.31 212.79  0.48    0.00     206.1      171.8    82.6     64.4       0.00      0.30     0.11  
it            213.09  213.19 213.09 213.19  0.10    0.00      99.6       99.2    71.6     62.8       0.30      0.00     0.12  
still         213.19  213.43 213.19 213.43  0.24    0.00     107.4      105.8    75.5     65.2       0.00      0.00     0.12  
comes         213.43  213.69 213.43 213.69  0.26    0.00     103.9      107.2    72.5     64.0       0.00      0.00     0.12  
in            213.69  213.87 213.69 213.87  0.18    0.00      99.8      100.8    69.1     67.3       0.00      0.00     0.13  
the           213.87  213.99 213.87 213.99  0.12    0.00      95.4       95.0    68.5     65.3       0.00      0.00     0.13  
same          213.99  214.23 213.99 214.23  0.24    0.00      97.1       97.4    69.5     66.8       0.00      0.00     0.13  
two           214.23  214.51 214.23 214.51  0.28    0.00      92.1       94.2    65.4     59.4       0.00      0.00     0.14  
sizes,        214.51  214.93 214.51 214.93  0.42    0.00      92.8       98.9    70.3     66.3       0.00      0.18     0.14  
the           215.11  215.13 215.11 215.13  0.02    0.00       nan        nan    68.0     67.8       0.18      0.00     0.14  few_voiced
6             215.13  215.37 215.13 215.37  0.24    0.00     100.6      100.9    68.0     60.5       0.00      0.00     0.15  
.3            215.37  215.79 215.37 215.79  0.42    0.00      95.7       97.3    69.7     58.8       0.00      0.00     0.15  
-inch         215.79  215.89 215.79 215.89  0.10    0.00      89.7       89.6    65.7     61.2       0.00      0.00     0.16  
Pro           215.89  216.23 215.89 216.23  0.34    0.00     108.3      109.6    76.4     59.8       0.00      0.00     0.16  
and           216.23  216.61 216.23 216.61  0.38    0.00     105.4      106.1    72.9     54.8       0.00      0.00     0.16  
the           216.61  216.71 216.61 216.71  0.10    0.00     100.7      101.4    70.2     67.3       0.00      0.00     0.17  
6             216.71  216.93 216.71 216.93  0.22    0.00       nan        nan    71.3     62.7       0.00      0.00     0.17  few_voiced
.8            216.93  217.35 216.93 217.35  0.42    0.00     110.5      106.7    74.5     58.9       0.00      0.00     0.17  
-inch         217.35  217.55 217.35 217.55  0.20    0.00     121.4      121.3    72.8     69.2       0.00      0.00     0.18  
Pro           217.55  217.91 217.55 217.91  0.36    0.00     103.0      105.9    74.5     59.6       0.00      0.00     0.18  
XL.           217.91  218.27 217.91 218.27  0.36    0.00     101.3       96.6    72.0     63.9       0.00      0.45     0.18  
It            218.67  218.85 218.72 218.85  0.13    0.05     120.1      121.1    77.0     72.4       0.45      0.00     0.19  
also          218.85  219.09 218.85 219.09  0.24    0.00     107.9      108.8    78.0     70.4       0.00      0.00     0.19  
looks         219.09  219.57 219.09 219.57  0.48    0.00     101.6      104.2    76.3     68.3       0.00      0.00     0.19  
just          219.57  220.33 219.57 220.33  0.76    0.00      95.3       96.1    68.7     49.4       0.00      0.00     0.20  
like          220.33  220.57 220.33 220.57  0.24    0.00      85.6       85.6    66.7     59.3       0.00      0.00     0.20  
the           220.57  220.75 220.57 220.75  0.18    0.00     263.5      261.1    69.2     50.0       0.00      0.00     0.20  
Pro           220.75  221.03 220.75 221.03  0.28    0.00      89.3       89.5    71.3     57.3       0.00      0.00     0.21  
Pixel         221.03  221.29 221.03 221.29  0.26    0.00       nan        nan    69.6     56.7       0.00      0.00     0.21  few_voiced
has           221.29  221.61 221.29 221.61  0.32    0.00      89.5       89.6    71.8     66.1       0.00      0.00     0.22  
for           221.61  221.85 221.61 221.85  0.24    0.00      91.3       90.8    69.3     60.1       0.00      0.00     0.22  
a             221.85  221.95 221.85 221.95  0.10    0.00      86.8       88.1    68.0     62.9       0.00      0.00     0.22  
while         221.95  222.19 221.95 222.19  0.24    0.00     119.3      115.5    80.4     77.0       0.00      0.00     0.23  
with          222.19  222.63 222.19 222.63  0.44    0.00     120.2      117.3    74.0     52.4       0.00      0.00     0.23  
the           222.63  222.75 222.63 222.75  0.12    0.00      99.4       98.9    69.6     60.4       0.00      0.00     0.23  
much          222.75  222.93 222.75 222.93  0.18    0.00     101.2      101.8    74.1     65.3       0.00      0.00     0.24  
shinier       222.93  223.35 222.93 223.35  0.42    0.00      93.6       91.8    69.4     65.2       0.00      0.00     0.24  
sides.        223.35  223.77 223.35 223.77  0.42    0.00     104.3      103.7    75.1     68.4       0.00      0.50     0.24  
And           224.23  224.41 224.27 224.41  0.14    0.04     108.0      108.7    73.0     71.2       0.50      0.00     0.25  
this          224.41  224.53 224.41 224.53  0.12    0.00     171.2      162.9    77.8     74.4       0.00      0.00     0.25  
time          224.53  224.75 224.53 224.75  0.22    0.00     141.3      143.8    75.4     71.3       0.00      0.00     0.25  
the           224.75  224.89 224.75 224.89  0.14    0.00     127.4      127.1    73.3     66.5       0.00      0.00     0.26  
camera        224.89  225.13 224.89 225.13  0.24    0.00     150.0      150.2    74.5     66.5       0.00      0.00     0.26  
bar           225.13  225.33 225.13 225.33  0.20    0.00     124.9      127.7    79.0     73.7       0.00      0.00     0.27  
is            225.33  225.47 225.33 225.47  0.14    0.00     109.4      108.8    76.1     72.2       0.00      0.00     0.27  
also          225.47  225.77 225.47 225.77  0.30    0.00     108.0      105.9    77.2     69.3       0.00      0.00     0.27  
slightly      225.77  226.37 225.77 226.37  0.60    0.00     236.7      196.8    75.3     68.7       0.00      0.00     0.28  
redesigned.   226.37  227.03 226.37 227.03  0.66    0.00     108.8      120.1    74.4     68.2       0.00      0.20     0.28  
So            227.23  227.71 227.23 227.71  0.48    0.00     113.6      113.6    64.3     50.0       0.20      0.00     0.28  few_voiced
instead       227.71  227.95 227.71 227.95  0.24    0.00     101.2      103.9    69.6     62.6       0.00      0.00     0.29  
of            227.95  228.11 227.95 228.11  0.16    0.00     114.7      109.9    74.8     68.8       0.00      0.00     0.29  
doing         228.11  228.27 228.11 228.27  0.16    0.00     113.7      114.3    74.1     68.0       0.00      0.00     0.29  
the           228.27  228.43 228.27 228.43  0.16    0.00     102.7      102.1    72.4     69.7       0.00      0.00     0.30  
little        228.43  228.61 228.43 228.61  0.18    0.00     100.9       99.3    71.5     66.0       0.00      0.00     0.30  
cutout        228.61  228.97 228.61 228.97  0.36    0.00     108.0      108.7    74.1     63.9       0.00      0.00     0.30  
for           228.97  229.13 228.97 229.13  0.16    0.00     111.1      111.1    62.7     51.2       0.00      0.00     0.31  few_voiced
the           229.13  229.23 229.13 229.23  0.10    0.00     100.7      100.1    71.0     67.7       0.00      0.00     0.31  
old           229.23  229.43 229.23 229.43  0.20    0.00      99.2       98.9    73.7     68.7       0.00      0.00     0.31  
temperature   229.43  229.75 229.43 229.75  0.32    0.00     102.9      102.8    67.1     54.9       0.00      0.00     0.32  
sensor        229.75  230.11 229.75 230.11  0.36    0.00     107.2      107.9    69.5     63.1       0.00      0.00     0.32  
and           230.11  230.25 230.11 230.25  0.14    0.00     108.6      107.6    70.5     67.9       0.00      0.00     0.33  
the           230.25  230.35 230.25 230.35  0.10    0.00      90.2       90.6    64.7     56.9       0.00      0.00     0.33  
flash,        230.35  230.65 230.35 230.65  0.30    0.00      97.4      103.2    73.6     65.3       0.00      0.52     0.33  
it's          231.17  231.33 231.17 231.33  0.16    0.00     107.2      105.7    72.8     63.7       0.52      0.00     0.34  
edge          231.33  231.51 231.33 231.51  0.18    0.00     116.0      112.8    79.4     69.8       0.00      0.00     0.34  
-to           231.51  231.65 231.51 231.65  0.14    0.00     272.5      271.0    73.0     68.6       0.00      0.00     0.34  
-edge         231.65  231.77 231.65 231.77  0.12    0.00     104.3      104.0    72.3     65.9       0.00      0.00     0.35  
glass         231.77  232.07 231.77 232.07  0.30    0.00      99.8      100.3    75.2     65.5       0.00      0.00     0.35  
all           232.07  232.29 232.07 232.29  0.22    0.00     100.4       94.7    72.9     65.4       0.00      0.00     0.35  
the           232.29  232.37 232.29 232.37  0.08    0.00      96.7       96.1    69.2     67.0       0.00      0.00     0.36  
way           232.37  232.47 232.37 232.47  0.10    0.00      93.0       93.4    69.8     68.8       0.00      0.00     0.36  
across        232.47  232.65 232.47 232.65  0.18    0.00      90.2       90.7    71.4     61.1       0.00      0.00     0.36  
the           232.65  232.85 232.65 232.85  0.20    0.00      88.8       88.8    62.1     54.6       0.00      0.00     0.37  few_voiced
back          232.85  233.03 232.85 233.03  0.18    0.00      83.9       84.0    72.4     64.7       0.00      0.00     0.37  
now.          233.03  233.37 233.03 233.33  0.30    0.04      92.2       97.0    68.6     58.3       0.00      0.62     0.37  
And           233.93  234.01 233.95 234.01  0.06    0.02     190.7      189.8    74.6     71.3       0.62      0.00     0.38  
it's          234.01  234.11 234.01 234.11  0.10    0.00     184.5      200.9    77.8     70.9       0.00      0.00     0.38  
also          234.11  234.29 234.11 234.29  0.18    0.00     235.0      230.5    82.9     76.4       0.00      0.00     0.39  
rocking       234.29  234.49 234.29 234.49  0.20    0.00     152.0      154.7    80.8     72.9       0.00      0.00     0.39  
a             234.49  234.63 234.49 234.63  0.14    0.00     155.0      158.4    72.5     70.6       0.00      0.00     0.39  
new           234.63  234.73 234.63 234.73  0.10    0.00     154.3      153.3    71.6     70.9       0.00      0.00     0.40  
main          234.73  234.89 234.73 234.89  0.16    0.00     159.7      159.8    71.7     70.6       0.00      0.00     0.40  
camera        234.89  235.15 234.89 235.15  0.26    0.00     182.0      170.9    75.2     67.1       0.00      0.00     0.40  
sensor,       235.15  235.43 235.15 235.43  0.28    0.00      98.7      103.1    70.9     64.1       0.00      0.21     0.41  
a             235.63  235.77 235.64 235.77  0.13    0.01     117.7      117.8    70.6     61.1       0.21      0.00     0.41  
50            235.77  236.05 235.77 236.05  0.28    0.00     135.5      136.4    75.5     62.5       0.00      0.00     0.41  
-megapixel    236.05  236.47 236.05 236.47  0.42    0.00     132.6      132.2    74.8     67.3       0.00      0.00     0.42  
one           236.47  236.77 236.47 236.77  0.30    0.00     135.2      138.0    73.6     70.2       0.00      0.00     0.42  
that's        236.77  237.21 236.77 237.21  0.44    0.00     100.6      111.8    70.9     51.6       0.00      0.00     0.42  
theoretically  237.21  237.61 237.21 237.61  0.40    0.00     162.5      160.3    82.8     67.9       0.00      0.00     0.43  
the           237.61  237.89 237.61 237.89  0.28    0.00     122.3      125.7    77.0     68.1       0.00      0.00     0.43  
best          237.89  238.13 237.89 238.13  0.24    0.00     122.8      122.8    79.6     67.7       0.00      0.00     0.43  
yet.          238.13  238.43 238.13 238.43  0.30    0.00     105.1       99.8    73.5     64.8       0.00      0.16     0.44  
It's          238.59  238.73 238.59 238.73  0.14    0.00     101.4      100.2    65.7     60.4       0.16      0.00     0.44  
a             238.73  238.85 238.73 238.85  0.12    0.00     100.3      100.1    70.5     61.5       0.00      0.00     0.45  
big           238.85  239.01 238.85 239.01  0.16    0.00     138.6      137.7    77.8     63.2       0.00      0.00     0.45  
one.          239.01  239.19 239.01 239.19  0.18    0.00     137.7      137.2    73.9     69.3       0.00      0.12     0.45  
It's          239.31  239.39 239.31 239.39  0.08    0.00       nan        nan    59.7     53.6       0.12      0.00     0.46  few_voiced+quiet
one           239.39  239.63 239.39 239.63  0.24    0.00     127.8      126.7    76.1     59.4       0.00      0.00     0.46  
over          239.63  239.81 239.63 239.81  0.18    0.00     126.2      127.9    75.2     73.0       0.00      0.00     0.46  
1             239.81  240.13 239.81 240.13  0.32    0.00     116.2      112.5    76.3     70.2       0.00      0.00     0.47  
.3            240.13  240.75 240.13 240.75  0.62    0.00     111.8      112.5    72.6     59.2       0.00      0.00     0.47  
inches,       240.75  241.07 240.75 241.07  0.32    0.00     137.7      142.2    72.4     67.8       0.00      0.40     0.47  
so            241.47  241.57 241.47 241.57  0.10    0.00      99.5       99.1    75.7     74.5       0.40      0.00     0.48  
pretty        241.57  242.21 241.57 242.21  0.64    0.00     105.3      104.0    71.6     45.7       0.00      0.00     0.48  
substantial.  242.21  242.73 242.21 242.73  0.52    0.00      95.5       96.8    69.5     62.4       0.00      0.26     0.48  
That          242.99  243.15 242.99 243.15  0.16    0.00      93.5       93.0    69.5     59.7       0.26      0.00     0.49  
should        243.15  243.33 243.15 243.33  0.18    0.00      92.0       92.0    65.5     58.5       0.00      0.00     0.49  few_voiced
let           243.33  243.49 243.33 243.49  0.16    0.00      95.6       96.5    72.1     64.8       0.00      0.00     0.49  
a             243.49  243.61 243.49 243.61  0.12    0.00      89.6       89.6    67.1     66.1       0.00      0.00     0.50  
lot           243.61  243.77 243.61 243.77  0.16    0.00      92.4       93.3    70.9     67.0       0.00      0.00     0.50  
more          243.77  243.93 243.77 243.93  0.16    0.00      94.0       94.8    67.3     64.1       0.00      0.00     0.51  
light         243.93  244.17 243.93 244.17  0.24    0.00      89.7       89.6    68.7     65.0       0.00      0.00     0.51  
in.           244.17  244.43 244.17 244.43  0.26    0.00     118.3      118.5    71.7     69.5       0.00      0.56     0.51  
New           244.97  245.15 244.99 245.15  0.16    0.02     108.4      108.5    76.1     72.3       0.56      0.00     0.52  
48            245.15  245.59 245.15 245.59  0.44    0.00     113.2      114.2    74.7     66.1       0.00      0.00     0.52  
-megapixel    245.59  246.03 245.59 246.03  0.44    0.00     108.1      107.4    72.4     64.8       0.00      0.00     0.52  
telephoto     246.03  246.49 246.03 246.49  0.46    0.00     105.5      106.0    74.3     63.8       0.00      0.00     0.53  
as            246.49  246.67 246.49 246.67  0.18    0.00      93.5       95.8    71.6     66.9       0.00      0.00     0.53  
well.         246.67  246.95 246.67 246.95  0.28    0.00     115.5      116.8    77.8     67.6       0.00      0.60     0.53  
And           247.49  247.65 247.55 247.65  0.10    0.06     115.7      114.4    73.7     71.9       0.60      0.00     0.54  
then          247.65  247.75 247.65 247.75  0.10    0.00     104.0      105.2    73.1     71.7       0.00      0.00     0.54  
the           247.75  247.91 247.75 247.91  0.16    0.00     103.4      103.9    69.9     67.1       0.00      0.00     0.54  
same          247.91  248.15 247.91 248.15  0.24    0.00     114.7      116.5    74.6     72.5       0.00      0.00     0.55  
48            248.15  248.61 248.15 248.61  0.46    0.00     103.2      104.0    74.0     67.2       0.00      0.00     0.55  
-megapixel    248.61  249.11 248.61 249.11  0.50    0.00      95.9       95.3    66.7     60.5       0.00      0.00     0.55  
ultra         249.11  249.39 249.11 249.39  0.28    0.00      91.3       91.5    68.9     58.2       0.00      0.00     0.56  
-wide.        249.39  249.73 249.39 249.73  0.34    0.00     109.6      113.3    72.8     69.1       0.00      0.63     0.56  
And           250.35  250.57 250.36 250.57  0.21    0.01     113.4      114.3    75.4     71.7       0.63      0.00     0.57  
this          250.57  250.81 250.57 250.81  0.24    0.00     138.0      139.3    76.6     72.9       0.00      0.00     0.57  
Super         250.81  251.25 250.81 251.25  0.44    0.00     148.4      150.8    76.1     67.2       0.00      0.00     0.57  
Actua         251.25  251.65 251.25 251.65  0.40    0.00     134.7      145.7    77.9     67.6       0.00      0.00     0.58  
display       251.65  252.05 251.65 252.05  0.40    0.00     111.5      111.7    75.1     65.0       0.00      0.00     0.58  
is            252.05  252.45 252.05 252.45  0.40    0.00     104.8      106.0    74.0     69.8       0.00      0.00     0.58  
not           252.45  253.13 252.45 253.13  0.68    0.00     108.0      116.3    75.0     48.2       0.00      0.00     0.59  
high          253.13  253.35 253.13 253.35  0.22    0.00     161.6      157.4    78.7     71.4       0.00      0.00     0.59  
resolution,   253.35  253.85 253.35 253.85  0.50    0.00     178.9      176.9    80.1     74.2       0.00      0.45     0.59  
not           254.29  254.47 254.30 254.47  0.17    0.01     116.9      116.9    78.2     71.3       0.45      0.00     0.60  
higher        254.47  254.73 254.47 254.73  0.26    0.00     146.6      143.4    78.4     71.7       0.00      0.00     0.60  
refresh       254.73  255.09 254.73 255.09  0.36    0.00     154.9      165.4    80.4     71.2       0.00      0.00     0.60  
rate,         255.09  255.41 255.09 255.41  0.32    0.00     100.0      102.0    71.7     66.7       0.00      0.40     0.61  
not           255.75  255.95 255.81 255.95  0.14    0.06     125.0      118.0    70.9     67.2       0.40      0.00     0.61  
bigger,       255.95  256.27 255.95 256.27  0.32    0.00     186.2      180.7    80.8     74.2       0.00      0.30     0.61  
but           256.49  256.65 256.57 256.65  0.08    0.08     133.3      132.4    80.7     72.5       0.30      0.00     0.62  
it            256.65  256.75 256.65 256.75  0.10    0.00     161.6      166.7    73.4     72.1       0.00      0.00     0.62  
is            256.75  256.87 256.75 256.87  0.12    0.00     254.7      251.2    78.6     77.2       0.00      0.00     0.63  
definitely    256.87  257.15 256.87 257.15  0.28    0.00     216.1      217.4    83.2     71.3       0.00      0.00     0.63  
brighter.     257.15  257.47 257.15 257.47  0.32    0.00     161.5      151.4    83.2     76.0       0.00      0.00     0.63  
It            257.47  258.01 257.47 258.01  0.54    0.00      84.1       99.4    69.4     43.8       0.00      0.00     0.64  
peaks         258.01  258.29 258.01 258.29  0.28    0.00     144.1      140.0    75.5     59.0       0.00      0.00     0.64  
at            258.29  258.57 258.29 258.53  0.24    0.04     122.5      125.2    78.9     71.2       0.00      0.37     0.64  
3             258.57  259.11 258.90 259.11  0.21    0.33     157.3      153.6    74.8     67.2       0.37      0.00     0.65  
,600          259.11  260.01 259.11 260.01  0.90    0.00     134.5      134.9    77.7     67.7       0.00      0.00     0.65  
nits          260.01  260.39 260.01 260.39  0.38    0.00     118.8      120.5    73.2     68.4       0.00      0.00     0.65  
now.          260.39  260.63 260.39 260.63  0.24    0.00      83.5       84.7    64.9     61.5       0.00      0.10     0.66  
Not           260.73  260.89 260.73 260.89  0.16    0.00      95.6       96.9    68.2     60.3       0.10      0.00     0.66  
that          260.89  261.19 260.89 261.12  0.23    0.07      93.5       93.1    69.6     54.0       0.00      0.43     0.66  
the           261.19  261.65 261.55 261.65  0.10    0.36       nan        nan    62.5     52.7       0.43      0.00     0.67  few_voiced
2             261.65  261.85 261.65 261.85  0.20    0.00     105.2      106.5    69.8     57.0       0.00      0.00     0.67  
,200          261.85  262.17 261.85 262.17  0.32    0.00      99.8      100.4    69.4     62.3       0.00      0.00     0.67  
from          262.17  262.49 262.17 262.49  0.32    0.00      92.8       92.7    65.0     57.0       0.00      0.00     0.68  
last          262.49  262.71 262.49 262.71  0.22    0.00      98.5       99.1    73.1     66.9       0.00      0.00     0.68  
year          262.71  262.89 262.71 262.89  0.18    0.00     101.7      102.0    69.4     60.6       0.00      0.00     0.69  
was           262.89  263.05 262.89 263.05  0.16    0.00      88.8       89.5    67.2     63.3       0.00      0.00     0.69  
terrible,     263.05  263.35 263.05 263.35  0.30    0.00     105.7      106.7    72.5     60.7       0.00      0.12     0.69  
but           263.47  263.61 263.47 263.60  0.13    0.01      94.4       99.3    71.1     63.6       0.12      0.24     0.70  
you           263.61  263.89 263.84 263.89  0.05    0.23       nan        nan    70.5     66.6       0.24      0.00     0.70  few_voiced
know,         263.89  264.01 263.89 264.01  0.12    0.00     140.4      144.0    73.5     70.3       0.00      0.12     0.70  
that's        264.13  264.33 264.13 264.33  0.20    0.00     156.0      154.2    78.8     64.6       0.12      0.00     0.71  
a             264.33  264.39 264.33 264.39  0.06    0.00     144.2      148.0    71.9     70.0       0.00      0.00     0.71  
nice          264.39  264.53 264.39 264.53  0.14    0.00     125.3      126.7    76.3     70.6       0.00      0.00     0.71  
little        264.53  264.67 264.53 264.67  0.14    0.00     111.6      112.0    74.3     68.5       0.00      0.00     0.72  
bump.         264.67  264.89 264.67 264.89  0.22    0.00      95.2       96.7    73.2     67.5       0.00      0.12     0.72  
I've          265.01  265.15 265.01 265.15  0.14    0.00     110.1      110.2    73.3     65.0       0.12      0.00     0.72  
noticed       265.15  265.39 265.15 265.39  0.24    0.00     136.9      135.1    79.7     74.3       0.00      0.00     0.73  
it.           265.39  265.61 265.39 265.59  0.20    0.02     103.5      104.6    75.4     67.6       0.00      0.28     0.73  
It            265.85  265.95 265.87 265.95  0.08    0.02       nan        nan    69.7     66.5       0.28      0.00     0.73  few_voiced
seems         265.95  266.09 265.95 266.09  0.14    0.00     239.0      242.0    76.3     73.3       0.00      0.00     0.74  
like          266.09  266.25 266.09 266.25  0.16    0.00     260.3      247.2    79.2     71.3       0.00      0.00     0.74  
the           266.25  266.41 266.25 266.41  0.16    0.00      92.5       92.5    78.8     62.9       0.00      0.00     0.75  few_voiced
brightness    266.41  266.67 266.41 266.67  0.26    0.00     130.3      128.9    79.9     68.5       0.00      0.00     0.75  
slider        266.67  266.97 266.67 266.97  0.30    0.00     107.5      108.7    76.6     69.7       0.00      0.00     0.75  
was           266.97  267.25 266.97 267.25  0.28    0.00      95.6       95.5    71.3     68.5       0.00      0.00     0.76  
in            267.25  267.95 267.25 267.95  0.70    0.00      99.9      102.6    71.0     49.6       0.00      0.00     0.76  
mostly        267.95  268.57 267.95 268.57  0.62    0.00      93.9      102.3    74.6     66.1       0.00      0.00     0.76  
lower         268.57  268.99 268.57 268.99  0.42    0.00     110.0      112.6    76.0     72.4       0.00      0.00     0.77  
brightness,   268.99  269.47 268.99 269.47  0.48    0.00     107.7      112.5    74.9     66.7       0.00      0.32     0.77  
and           269.79  269.93 269.79 269.93  0.14    0.00     108.9      109.1    71.0     57.3       0.32      0.00     0.77  
then          269.93  270.05 269.93 270.05  0.12    0.00     105.9      106.3    71.5     70.0       0.00      0.00     0.78  
the           270.05  270.19 270.05 270.19  0.14    0.00      93.4       94.6    70.3     68.6       0.00      0.00     0.78  
last          270.19  270.61 270.19 270.61  0.42    0.00      94.2       98.3    72.7     67.6       0.00      0.00     0.78  
quarter       270.61  270.91 270.61 270.91  0.30    0.00     102.6      103.2    70.2     58.9       0.00      0.00     0.79  
of            270.91  271.11 270.91 271.11  0.20    0.00     115.9      116.6    74.3     69.6       0.00      0.00     0.79  
the           271.11  271.23 271.11 271.23  0.12    0.00     127.4      124.2    69.4     64.5       0.00      0.00     0.80  
slider        271.23  271.49 271.23 271.49  0.26    0.00     128.1      127.6    73.5     68.3       0.00      0.00     0.80  
was           271.49  271.75 271.49 271.75  0.26    0.00     120.3      120.0    71.5     68.4       0.00      0.00     0.80  
extremely     271.75  272.13 271.75 272.13  0.38    0.00     109.7      103.8    69.5     62.2       0.00      0.00     0.81  
bright.       272.13  272.49 272.13 272.49  0.36    0.00     104.4      106.3    70.8     65.3       0.00      0.66     0.81  
Maybe         273.11  273.27 273.15 273.27  0.12    0.04      97.7       97.3    68.0     63.4       0.66      0.00     0.81  
that's        273.27  273.51 273.27 273.51  0.24    0.00      92.2       91.8    68.8     63.5       0.00      0.00     0.82  
just          273.51  273.61 273.51 273.61  0.10    0.00      78.7       78.7    59.3     57.7       0.00      0.00     0.82  few_voiced+quiet
me,           273.61  273.79 273.61 273.79  0.18    0.00      94.8       96.0    68.4     61.8       0.00      0.04     0.82  
or            273.83  273.91 273.83 273.91  0.08    0.00      89.2       90.2    67.3     62.4       0.04      0.00     0.83  
maybe         273.91  274.05 273.91 274.05  0.14    0.00      88.6       88.7    65.1     61.9       0.00      0.00     0.83  
they          274.05  274.19 274.05 274.19  0.14    0.00      90.6       90.0    65.5     62.6       0.00      0.00     0.83  
got           274.19  274.33 274.19 274.33  0.14    0.00      83.1       83.1    65.7     61.0       0.00      0.00     0.84  few_voiced
some          274.33  274.47 274.33 274.47  0.14    0.00      89.8       88.2    60.6     53.2       0.00      0.00     0.84  quiet
tweaking      274.47  274.69 274.47 274.69  0.22    0.00      90.7       91.9    66.8     55.7       0.00      0.00     0.84  
to            274.69  274.89 274.69 274.89  0.20    0.00      95.5       95.3    65.8     61.9       0.00      0.00     0.85  
do            274.89  274.99 274.89 274.99  0.10    0.00     108.0      107.2    67.7     66.4       0.00      0.00     0.85  
there.        274.99  275.17 274.99 275.17  0.18    0.00     115.1      115.2    68.5     66.5       0.00      0.10     0.86  
But           275.27  275.35 275.27 275.35  0.08    0.00     118.8      118.8    70.9     63.7       0.10      0.00     0.86  
then          275.35  275.49 275.35 275.49  0.14    0.00     125.5      125.7    77.7     69.3       0.00      0.00     0.86  
this          275.49  275.61 275.49 275.61  0.12    0.00     119.4      120.0    74.4     70.5       0.00      0.00     0.87  
thing         275.61  275.75 275.61 275.75  0.14    0.00     124.3      125.5    73.4     67.5       0.00      0.00     0.87  
also          275.75  275.91 275.75 275.91  0.16    0.00     114.0      115.1    75.4     71.2       0.00      0.00     0.87  
gets          275.91  276.17 275.91 276.17  0.26    0.00     107.3      107.4    76.7     68.2       0.00      0.00     0.88  
faster,       276.17  276.75 276.17 276.75  0.58    0.00     107.6      109.3    76.3     59.9       0.00      0.00     0.88  
25            276.75  277.41 276.75 277.41  0.66    0.00     105.0      107.1    74.2     65.4       0.00      0.00     0.88  
-watt         277.41  277.75 277.41 277.75  0.34    0.00     101.6      100.9    73.0     62.9       0.00      0.00     0.89  
Qi            277.75  277.97 277.75 277.97  0.22    0.00     107.6      107.8    72.5     63.5       0.00      0.00     0.89  
2             277.97  278.21 277.97 278.21  0.24    0.00     101.6      105.5    66.7     58.0       0.00      0.00     0.89  
.2            278.21  278.61 278.21 278.61  0.40    0.00     108.4      106.4    74.2     63.0       0.00      0.00     0.90  
wireless      278.61  278.89 278.61 278.89  0.28    0.00     103.0      102.4    74.1     68.8       0.00      0.00     0.90  
charging.     278.89  279.31 278.89 279.31  0.42    0.00     102.3      103.7    72.2     65.3       0.00      0.86     0.90  
And           280.17  280.65 280.17 280.65  0.48    0.00     105.5      108.2    73.0     71.6       0.86      0.00     0.91  
that's        280.65  281.07 280.65 281.07  0.42    0.00     130.2      131.9    76.7     70.2       0.00      0.00     0.91  
it.           281.07  281.19 281.07 281.18  0.11    0.01     196.0      192.9    77.4     72.4       0.00      0.83     0.92  
No            281.99  282.27 282.01 282.27  0.26    0.02      95.6       97.0    70.7     67.6       0.83      0.00     0.92  
crazy         282.27  282.79 282.27 282.79  0.52    0.00      97.3       97.8    73.8     63.1       0.00      0.00     0.92  
ultra         282.79  283.11 282.79 283.11  0.32    0.00      98.0       97.0    70.0     61.9       0.00      0.00     0.93  
-fast         283.11  283.37 283.11 283.37  0.26    0.00      92.4       94.6    72.2     60.4       0.00      0.00     0.93  
charging      283.37  283.79 283.37 283.79  0.42    0.00      96.4       97.0    72.1     62.8       0.00      0.00     0.93  
or            283.79  283.99 283.79 283.99  0.20    0.00      96.7       96.8    67.4     66.2       0.00      0.00     0.94  
like          283.99  284.19 283.99 284.19  0.20    0.00      91.2       91.4    68.3     64.0       0.00      0.00     0.94  
huge          284.19  284.55 284.19 284.55  0.36    0.00      96.6       97.2    67.7     60.4       0.00      0.00     0.94  
silicon       284.55  284.97 284.55 284.97  0.42    0.00      97.8       96.5    69.7     64.1       0.00      0.00     0.95  
carbon        284.97  285.25 284.97 285.25  0.28    0.00      97.0       96.8    71.2     58.1       0.00      0.00     0.95  
batteries     285.25  285.81 285.25 285.81  0.56    0.00     110.4      109.7    78.2     70.5       0.00      0.00     0.95  
or            285.81  286.15 285.81 286.15  0.34    0.00     101.4      100.6    69.2     66.5       0.00      0.00     0.96  
Snapdragon    286.15  286.57 286.15 286.57  0.42    0.00      97.2       99.0    69.8     60.0       0.00      0.00     0.96  
8             286.57  286.83 286.57 286.83  0.26    0.00      98.6       94.5    66.0     62.5       0.00      0.00     0.96  
Elite         286.83  287.17 286.83 287.17  0.34    0.00      99.9      102.6    72.2     67.0       0.00      0.00     0.97  
Gen           287.17  287.43 287.17 287.43  0.26    0.00     103.0      105.5    68.4     59.9       0.00      0.00     0.97  
5             287.43  287.93 287.43 287.93  0.50    0.00     140.1      136.2    77.7     67.6       0.00      0.00     0.98  
or            287.93  288.37 287.93 288.37  0.44    0.00     120.3      117.2    73.9     69.6       0.00      0.00     0.98  
any           288.37  288.97 288.37 288.97  0.60    0.00     105.3      104.7    69.2     48.5       0.00      0.00     0.98  
massive       288.97  289.31 288.97 289.31  0.34    0.00     102.0      101.6    72.2     68.8       0.00      0.00     0.99  
one           289.31  289.59 289.31 289.59  0.28    0.00     105.3      104.0    72.2     63.8       0.00      0.00     0.99  
-inch         289.59  289.71 289.59 289.71  0.12    0.00      99.1      100.2    72.8     67.5       0.00      0.00     0.99  
camera        289.71  290.01 289.71 290.01  0.30    0.00     161.9      162.1    73.8     64.3       0.00      0.00     1.00  
sensors.      290.01  290.65 290.01 290.65  0.64    0.00     131.8      132.0    72.7     68.4       0.00      1.03     1.00  
That's        291.61  292.13 291.68 292.13  0.45    0.07      93.3       92.8    65.3     48.3       1.03      0.00     0.00  
it.           292.13  292.25 292.13 292.25  0.12    0.00     177.7      177.7    64.7     56.0       0.00      0.14     0.03  few_voiced
But           292.39  292.43 292.39 292.43  0.04    0.00     111.2      119.4    69.6     64.0       0.14      0.00     0.07  
then          292.43  292.57 292.43 292.57  0.14    0.00     146.3      146.2    78.0     70.8       0.00      0.00     0.10  
get           292.57  292.71 292.57 292.71  0.14    0.00     111.9      111.6    74.4     70.9       0.00      0.00     0.14  
this.         292.71  292.95 292.71 292.95  0.24    0.00     107.4      108.9    77.1     65.3       0.00      0.32     0.17  
The           293.19  293.33 293.27 293.33  0.06    0.08     125.9      125.8    75.2     70.5       0.32      0.00     0.21  
only          293.33  293.45 293.33 293.45  0.12    0.00     153.1      151.1    76.9     74.7       0.00      0.00     0.24  
other         293.45  293.63 293.45 293.63  0.18    0.00     155.6      153.3    80.2     75.8       0.00      0.00     0.28  
thing         293.63  293.77 293.63 293.77  0.14    0.00     132.9      133.5    73.3     68.4       0.00      0.00     0.31  
you           293.77  293.87 293.77 293.87  0.10    0.00     117.8      119.4    75.0     73.4       0.00      0.00     0.34  
need          293.87  293.95 293.87 293.95  0.08    0.00     109.6      108.6    73.4     71.6       0.00      0.00     0.38  
to            293.95  294.07 293.95 294.07  0.12    0.00     112.2      112.2    68.1     62.1       0.00      0.00     0.41  few_voiced
know          294.07  294.53 294.07 294.37  0.30    0.16     122.0      119.8    75.7     69.7       0.00      0.54     0.45  
is            294.53  295.13 294.91 295.13  0.22    0.38     106.1      109.1    73.8     62.3       0.54      0.00     0.48  
that          295.13  295.45 295.13 295.40  0.27    0.05      99.9      100.4    76.6     70.6       0.00      0.31     0.52  
ramageddon    295.45  296.27 295.71 296.27  0.56    0.26      98.0       97.5    74.0     66.8       0.31      0.00     0.55  
is            296.27  296.91 296.27 296.91  0.64    0.00      92.1       93.9    67.0     51.3       0.00      0.00     0.59  
real,         296.91  297.27 296.91 297.27  0.36    0.00      98.6      100.4    74.1     67.2       0.00      0.18     0.62  
and           297.45  297.53 297.45 297.53  0.08    0.00     100.7      101.6    67.1     64.1       0.18      0.00     0.66  
it            297.53  297.61 297.53 297.61  0.08    0.00      93.2       93.5    68.3     63.7       0.00      0.00     0.69  
is            297.61  297.73 297.61 297.73  0.12    0.00      90.2       89.9    62.1     59.5       0.00      0.00     0.72  
very          297.73  297.99 297.73 297.99  0.26    0.00     129.3      132.1    78.8     62.3       0.00      0.00     0.76  
much          297.99  298.17 297.99 298.17  0.18    0.00     134.1      135.5    75.5     70.6       0.00      0.00     0.79  
affecting     298.17  298.49 298.17 298.49  0.32    0.00     109.0      107.3    73.2     57.7       0.00      0.00     0.83  
these         298.49  298.75 298.49 298.75  0.26    0.00      93.7       96.0    67.7     63.9       0.00      0.00     0.86  
phones        298.75  299.07 298.75 299.07  0.32    0.00      84.3       83.9    63.5     57.8       0.00      0.00     0.90  
because       299.07  299.43 299.07 299.43  0.36    0.00     122.9      122.8    70.0     56.0       0.00      0.00     0.93  
last          299.43  299.83 299.43 299.83  0.40    0.00     187.3      185.8    78.3     57.7       0.00      0.00     0.97  
-             299.83  299.97 299.83 299.97  0.14    0.00     243.5      243.5    74.2     66.8       0.00      0.03     1.00  few_voiced
